AdPost4u | Free Ad Posting Classifieds Website Without Registration Multi Country Toggle navigation Home Login Registration List For Free Post Free ads Without Registration Select a category For sale Animals Art - Collectibles Barter Books - Magazines Cameras - Camera Accessories CDs - Records Cell Phones - Accessories Clothing Computers - Hardware DVD Electronics For Babies - Infants Garage Sale Health - Beauty Home - Furniture - Garden Supplies Jewelry - Watches Musical Instruments Sporting Goods - Bicycles Tickets Toys - Games - Hobbies Video Games - Consoles Everything Else Vehicles Cars Car Parts Motorcycles Boats - Ships RVs - Campers - Caravans Trucks - Commercial Vehicles Other Vehicles Classes Computer - Multimedia Classes Language Classes Music - Theatre - Dance Classes Tutoring - Private Lessons Other Classes Real estate Houses - Apartments for Sale Houses - Apartments for Rent Rooms for Rent - Shared Housing Swap Vacation Rentals Parking Spots Land Office - Commercial Space Shops for Rent - Sale Services Marketing & Advertising Health - Beauty - Fitness Financial & Legal Travel & Tourism Babysitter - Nanny Casting - Auditions Computer Event Services Horoscopes - Tarot Household - Domestic Help Moving - Storage Repair Writing - Editing - Translating Other Services Community Carpool Community Activities Events Musicians - Artists - Bands Volunteers Lost And Found Jobs Accounting - Finance Advertising - Public Relations Arts - Entertainment - Publishing Clerical - Administrative Customer Service Education - Training Engineering - Architecture Healthcare Human Resource Internet Legal Manual Labor Manufacturing - Operations Marketing Non-profit - Volunteer Real Estate Restaurant - Food Service Retail Sales Technology Other Jobs Matrimonial Wedding Planners Brides Grooms Select a region A Coruña Aargau Abia Abra Abuja Aceh Acklins And Crooked Islands Açores Acre Adamawa Adana Adıyaman Adrar Afyon Ağrı Agrigento Aguascalientes Agusan del Norte Agusan del Sur Ahuachapán Ain Aïn Defla Aïn Témouchent Aisne Akershus Aklan Aksaray Akwa Ibom Alabama Alagoas Alajuela Åland Alaska Álava Alba Albacete Albay Alberta Alessandria Alger Alicante Allier Almería Alpes-de-Haute-Provence Alpes-Maritimes Alta Verapaz Alto Demerara-Berbice Alto Paraguay Alto Paraná Alto Takutu-Alto Essequibo Amambay Amapá Amasya Amazonas Amazonas Amazonas Amazonas Amparai Anambra Ancash Ancona Andaman and Nicobar Islands Andhra Pradesh Anhui Ankara Annaba Annobón Anse la Raye Antalya Antártica Chilena Antioquia Antipolo Antique Antofagasta Antrim Antwerpen Anuradhapura Anzoátegui Aosta Apayao Appenzell Ausserrhoden Appenzell Innerrhoden Apure Apurimac Arad Aragua Arauca Arauco Ardahan Ardèche Ardennes Arequipa Arezzo Arges Arica Ariège Arizona Arkansas Armagh Artibonito Artigas Artvin Arunachal Pradesh Ascoli Piceno Ashanti Assam Asti Asturias Asunción Atlántico Atlántida Aube Aude Aurora Aust-agder Avannaa Aveiro Avellino Aveyron Ávila Ayacucho Aydın Aysén Azad Kashmir Azua Azuay Bacau Badahsan Badajoz Baden-Württemberg Badgis Badulla Baglan Bahia Bahoruco Baja California Baja California Sur Baja Verapaz Balh Bali Balıkesir Balochistan Bamiyan Bangka Belitung Islands Banten Barahona Barcelona Bari Barima-Waini Barinas Baringo Bartın Bas-Rhin Basel-Landschaft Basel-Stadt Basilan Bataan Batanes Batangas Batman Batna Batticalao Bauchi Bayburt Bayelsa Bayern Béchar Bedfordshire Beja Béjaïa Belice Belluno Benevento Bengkulu Benguet Beni Benue Beograd grad Berat Berbice Oriental-Corentyne Bergamo Berkshire Berlin Bern Biella Bihar Bihor Bilecik Biliran Bimini Bingöl Biobío Bioko Norte Bioko Sur Biskra Bistrita-Nasaud Bitlis Bjelovarsko-Bilogorska Blekinge Blida Boca Del Toro Bohol Bolívar Bolivar Bolívar Bologna Bolu Bolzano Bomet Boquerón Bordj Bou Arreridj Borno Borski okrug Botosani Bouches-du-Rhône Bouira Boumerdes Boyacá Brabant Wallon Braga Bragança Braila Brandenburg Braničevski okrug Brasov Bremen Brescia Brindisi Bristol British Columbia Brodsko-Posavska Brong Ahafo Buckinghamshire Bucuresti Buenos Aires Bukidnon Bulacan Bungoma Burdur Burgenland Burgos Bursa Busia Buskerud Buzau Caaguazú Caazapá Cabañas Cáceres Cachapoal Cádiz Cagayan Cagliari Cajamarca Calarasi Caldas California Callao Caltanissetta Calvados Camagüey Camarines Norte Camarines Sur Cambridgeshire Campeche Campobasso Cañar Canelones Canindeyú Cantabria Cantal Capital Federal Capitán Prat Caquetá Carabobo Caras-Severin Carbonia-Iglesias Carchi Carlow Cartago Casanare Caserta Castellón Castelo Branco Castries Cat Island Catamarca Catanduanes Catania Catanzaro Cauca Cauquenes Cautín Cavan Cavite Cayo Ceará Cebu Central Central Central Central East Central Java Central Kalimantan Central North Central region Central Sulawesi Central West Centro Centro Israel Centro Sur Cerro Largo Cesar Chacabuco Chaco Chalatenango Chañaral Chandigarh Chaouia-Ouardigha Charente Charente-Maritime Cher Cheshire Chhattisgarh Chiapas Chieti Chihuahua Chiloé Chimaltenango Chimborazo Chiquimula Chiriquí Chlef Choapa Chocó Choiseul Choluteca Chónqgìng Christ Church Chubut Chuquisaca Ciego deÁvila Cienfuegos City Central Ciudad de la Habana Ciudad Real Clare Cluj Coahuila de Zaragoza Cochabamba Coclé Coimbra Cojedes Colima Colombo Colón Colón Colonia Colorado Comayagua Como Concepción Concepción Connecticut Constanta Constantine Copán Copiapó Cordillera Cordillera Córdoba Córdoba Córdoba Cork Cornwall Cornwall Corozal Corrèze Corrientes Corse Cortés Çorum Cosenza Cotabato Cotopaxi Covasna Coyhaique Cremona Creuse Cross River Crotone Cuenca Cumbria Cundinamarca Cuneo Curicó Cuscatlán Cusco Cuyuni-Mazaruni Dadra and Nagar Haveli Daikondi Dajabón Dalarnas Daman and Diu Dambovita Darién Dauphin Davao del Norte Davao del Sur Davao Oriental Delaware Delhi Delta Delta Amacuro Demerara-Mahaica Denizli Dennery Derbyshire Deux-Sèvres Devon Devonshire Dibër District of Columbia Distrito Capital Distrito Capital de Bogotá Distrito Federal Distrito Federal Distrito Nacional Diyarbakır Djelfa Dolj dolnośląskie Donegal Dordogne Dorset Doubs Doukkala-Abda Down Drenthe Drôme Duarte Dublin Dubrovačko-Neretvanska Durango Durazno Durham Durrës Düzce East East Coast East Java East Kalimantan East Nusa Tenggara East Sussex East Yorkshire Eastern Cape Eastern region Eastern Samar Ebonyi Edirne Edo Ekiti El Bayadh El Oued El Paraíso El Progreso El Seibo El Tarf Elbasan Elgeyo-Marakwet Elías Piña Elqui Embu Enna Entre Ríos Enugu Escuintla Eskişehir Esmeraldas Espaillat Espírito Santo Essex Essonne Eure Eure-et-Loir Évora Exuma Falcón Far East Farah Faro Faryab Fermanagh Ferrara Fès-Boulemane Fier Finistère Finlandia Meridional Finlandia Occidental Finlandia Oriental Finnmark Firenze Flevoland Flores Florida Florida Foggia Forlì Formosa Francisco Morazán Free State Freeport Freiburg Fresh Creek Friesland Frosinone Fújiàn Galapagos Galati Galle Galway Gampaha Gansù Gard Garissa Gauteng Gävleborgs Gawr Gaziantep Gazni Gelderland General Carrera Genf Genova Georgia Gers Gharb-Chrarda-Beni Hssen Ghardaïa Girne Girona Gironde Giurgiu Gjirokastër Glarus Gloucestershire Goa Goiás Gombe Gorizia Gorj Gorontalo Gotlands Governor's Harbour Gracias a Dios Granada Grand Casablanca Grand'Anse Granma Graubünden Great London Great Manchester Greater Accra Green Turtle Cay Groningen Gros Islet Grosseto Guadalajara Guainía Guairá Guanacaste Guanajuato Guangdong Guantánamo Guarda Guarico Guatemala Guaviare Guayas Guelma Guelmim-Es Semara Guerrero Guimaras Guipúzcoa Gujarat Gümüşhane Güzelyurt Haifa Hainán Hainaut Hallands Hambantota Hamburg Hamilton Hampshire Harbour Island Harghita Haryana Hatay Hato Mayor Haut-Rhin Haute-Garonne Haute-Loire Haute-Marne Haute-Saône Haute-Savoie Haute-Vienne Hautes-Alpes Hautes-Pyrénées Hauts-de-Seine Hawaii Hawst Hébei Hedmark Heilóngjang Hénán Herat Hérault Heredia Herefordshire Herrera Hertfordshire Hessen Hidalgo High Rock Hilmand Himachal Pradesh Hlavní město Praha Holguín Homa Bay Hong Kong Hong Kong Island Hordaland Hovedstaden Huancavelica Huanuco Húbei Huehuetenango Huelva Huesca Hui de Níngxià Huila Húnán Hunedoara Iasi Ica Idaho Ilfov Ille-et-Vilaine Illes Balears Illinois Ilocos Sur Iloilo Imbabura Imo Imperia Inagua Independencia Indiana Indre Indre-et-Loire Intibucá Iowa Iquique Isabela Isère Isernia Isiolo İskele Isla de la Juventud Isla de Pascua Islamabad Islas de la Bahía Islas Essequibo-Demerara Occidental Isle de Wight İstanbul Istarska Itapúa Izabal İzmir Jabčlanički okrug Jaén Jaffna Jakarta Jalapa Jalisco Jambi Jammu and Kashmir Jämtlands Jawzjan Jerusalem Jharkhand Jiangsu Jiangxiiangxi Jigawa Jihočeský Jihomoravský Jijel Jílín Johor Jönköpings Judea y Samaria Jujuy Junín Jura Jura Jutiapa Južnobački okrug Južnobanatski okrug Kabul Kaduna Kahramanmaraş Kajiado Kakamega Kalinga Kalmar Kalutara Kandy Kano Kansas Kapisa Karabük Karaman Karlovačka Karlovarský Karnataka Kärnten Katsina Kebbi Kedah Kegalla Kelantan Kemps Bay Kent Kentucky Kerala Kericho Kerry Khyber Pakhtunkhwa Kiambu Kié-ntem Kildare Kilifi Kilis Kilkenny Kirinyaga Kırşehir Kisii Kisumu Kitaa Kitui Kocaeli Kogi Kolubarski okrug Konya Koprivničko-Križevačka Korçë Kosovo i Metohija Kowloon Kraj Vysočina Královéhradecký Krapinsko-Zagorska Kronobergs Kuala Lumpur kujawsko-pomorskie Kukës Kunar Kurunegala Kütahya Kwale Kwara KwaZulu-Natal l'Oriental La Altagracia La Guajira La Habana La Libertad La Libertad La Pampa La Paz La Paz La Paz La Rioja La Rioja La Romana La Spezia La Unión La Union La Vega Laayoune-Boujdour-Sakia-Hamra Laborie Lagman Lagos Laguna Lakshadweep Lambayeque Lampung Lanao del Norte Lanao del Sur Lancashire Landes Laois Laponia Lara Las Palmas Las Tunas Latina Lavalleja Lawgar Lecce Lecco Leicestershire Leiria Leitrim Lempira León Leyte Lezhë Liáoníng Liberecký Liège Lima Limburg Limburg Limerick Limón Limpopo Linares Lincolnshire Lisboa Litoral Livorno Lodi Loir-et-Cher Loire Loire-Atlantique Loiret Loja London Londonderry Long Island Longford Loreto Los Andes Los Santos Lot Lot-et-Garonne Louisiana Louth Lozère lubelskie lubuskie Lucca Lugo Luxembourg Luzern Macao Macerata Machakos Mačvanski okrug Madeira Madhya Pradesh Madre de Dios Madrid Magallanes Magdalena Maguindanao Mahaica-Berbice Maharashtra Maine Maine-et-Loire Málaga Malatya Maldonado Maluku Manabi Manche Manicaland Manipur Manisa Manitoba Mannar Mantova Maramures Maranhão Mardin María Trinidad Sánchez Marikina Marinduque Marne Marrakech-Tensift-Al Haouz Marsabit Marsh Harbour Maryland Masbate Mascara Mashonaland Central Mashonaland East Mashonaland West Massa-Carrara Massachusetts Masvingo Matabeleland North Matabeleland South Matale Matanzas Matara Matera Mato Grosso Mato Grosso do Sul Mayaguana Mayenne Mayo mazowieckie małopolskie Meath Mecklenburg-Vorpommern Medio Campidano Meghalaya Mehedinti Meknès-Tafilalet Melaka Mendoza Mérida Merseyside Mersin Meru Messina Meta Metro Manila Meurthe-et-Moselle Meuse México Međimurska Michigan Michoacán de Ocampo Micoud Middlesex Midlands Midtjylland Migori Mila Milano Minas Gerais Mindoro Oriental Minnesota Miranda Misamis Occidental Misamis Oriental Misiones Misiones Mississippi Missouri Mizoram Modena Mombasa Monagas Monaghan Moneragala Mongolia Interior Montana Monte Cristi Monte Plata Montevideo Moquegua Moravički okrug Moravskoslezský Morazán Morbihan Morelos Moselle Mostaganem Mountain Mpumalanga Muğla Mullaittivu Murang’a Murcia Mures Muş Møre Og Romsdal Naâma Nagaland Nairobi Nairobi Kajiado Machakos Kiambu Nakuru Namur Nandi Nangarhar Napo Napoli Nariño Narok Nasarawa Navarra Nayarit Neamt Nebraska Ñeembucú Negeri Sembilan Negros Occidental Negros Oriental Neuenburg Neuquén Nevada Nevşehir New Brunswick New Hampshire New Jersey New Mexico New Providence New Territories New York Newfoundland Nichollstown And Berry Islands Nidwalden Niederösterreich Niedersachsen Nièvre Niğde Niger Nimruz Nippes Nišavski okrug Noord-Brabant Noord-Holland Nord Nord-trøndelag Nordjylland Nordland Nordrhein-Westfalen Noreste Norfolk Noroeste Norrbottens Norte Norte de Santander Norte Israel North North North Carolina North Dakota North Maluku North Sulawesi North Sumatra North Yorkshire North-East North-West Northamptonshire Northern Cape Northern region Northumberland Northwest Territories Nottinghamshire Nova Scotia Novara Nueva Ecija Nueva esparta Nuevo León Nunavut Nuoro Nuristan Nyamira Nyandarua Nyeri Oaxaca Oberösterreich Obwalden Ocotepeque Oeste Offaly Ogliastra Ogun Ohio Oise Oklahoma Olancho Olbia-Tempio Olomoucký Olt Ondo Ontario Oost-Vlaanderen opolskie Oppland Oran Orange Walk Ordu Örebro Oregon Orellana Orissa Oristano Orne Oruro Osječko-Baranjska Oslo Osmaniye Osorno Östergötlands Osun Ouargla Oued-Eddahab-Lagouira Oulu Oum El-Bouaghi Ourense Overijssel Oxfordshire Oyo Padova Paget Pahang Paktika Paktiya Palawan Palena Palencia Palermo Pampanga Panamá City Pando Pangasinan Panjshir Papua Pará Paraguarí Paraíba Paraná Pardubický Parinacota Parma Parwan Pas-de-Calais Pasco Pastaza Pavia Paysandú Pčinjski okrug Pedernales Pekín Pembroke Penang Pennsylvania Perak Peravia Perlis Pernambuco Perugia Pesaro e Urbino Pescara Petén Phnom Penh Piacenza Piauí Pichincha Pinar del Río Pirotski okrug Pisa Pistoia Piura Plateau Plzeňský podkarpackie podlaskie Podunavski okrug Polonnaruwa Pomeroon-Supenaam Pomoravski okrug pomorskie Pondicherry Pontevedra Pordenone Portalegre Porto Portuguesa Potenza Potosí Požeško-Slavonska Prahova Praslin Prato Presidente Hayes Primorsko-Goranska Prince Edward Island Puebla Punjab Punjab Puno Puntarenas Putrajaya Puttalam Putumayo Puy-de-Dôme Pyrénées-Atlantiques Pyrénées-Orientales Qandahar Qinghai Québec Querétaro de Arteaga Quetzaltenango Quezon Quiché Quillota Quindío Quintana Roo Quirino Qunduz Rabat-Salé-Zemmour-Zaër Ragged Island Ragusa Rajasthan Ranco Rasinski okrug Raški okrug Ratnapura Ravenna Reggio di Calabria Reggio Emilia Région de Bruxelles-Capitale Relizane Retalhuleu Rheinland-Pfalz Rhode Island Rhône Riau Riau Islands Rieti Rimini Rio de Janeiro Rio Grande do Norte Rio Grande do Sul Río Negro Río Negro Risaralda Rivera Rivers Rizal Rize Rocha Rock Sound Rogaland Roma Rondônia Roraima Roscommon Rovigo Rutland Saarland Sabah Sacatepéquez Sachsen Sachsen-Anhalt Saïda Saint Saint Andrew Saint George Saint George's Saint James Saint John Saint Joseph Saint Lucy Saint Michael Saint Peter Saint Philip Saint Thomas Sakarya Salamanca Salerno Salta Salto Salzburg Samaná Samangan Samar Samburu Samsun San Antonio San Blas San Felipe de Aconcagua San José San José San Juan San Juan San Luis San Luis Potosí San Marcos San Martín San Miguel San Pedro San Pedro de Macorís San Salvador San Salvador And Rum Cay San Vicente Sancti Spíritus Sandy Point Sandys Şanlıurfa Santa Ana Santa Bárbara Santa Catarina Santa Cruz Santa Cruz de la Sierra Santa Cruz de Tenerife Santa Fe Santa Rosa Santander Santarém Santiago Santiago Santiago de Cuba Santo Domingo São Paulo Saône-et-Loire Sar-e Pul Sarangani Sarawak Sarthe Saskatchewan Sassari Satu-Mare Savoie Savona Schaffhausen Schleswig-Holstein Schwyz Segovia Seine-et-Marne Seine-Maritime Seine-Saint-Denis Selangor Sergipe Sétif Setúbal Severnobački okrug Severnobanatski okrug Sevilla Shaanxi Shandong Shànghai Shanxi Shkodër Shropshire Šibensko-Kniniska Sibiu Sìchuan Siena Siirt Sikkim Sinaloa Sindh Sinop Siracusa Şırnak Sisačko-Moslavačka Sivas Sjælland Skåne Skikda śląskie Sligo Smith's Södermanlands Sogn Og Fjordane Sokoto Sololá Solothurn Somerset Somme Sondrio Sonora Sonsonante Soria Soriano Soufriere Souss-Massa-Draâ South South Carolina South Dakota South East Sulawesi South Kalimantan South Sulawesi South Sumatra South Yorkshire Southampton Southern Leyte Splitsko-Dalmatinska Srednjebanatski okrug Sremski okrug St. Gallen Staffordshire Stann Creek Steiermark Stockholms Středočeský Suchitepéquez Sucre Sucre Sucre Sudeste Suffolk Sulu Sur Sur Israel Surrey Surrey świętokrzyskie Syddanmark Sør-trøndelag Tabasco Tachirá Tacuarembó Tadla-Azilal Tahar Talagante Talca Tamanrasset Tamaulipas Tamil Nadu Tanger-Tétouan Taraba Taranto Tarija Tarlac Tarn Tarn-et-Garonne Tarragona Tawi-Tawi Taza-Al Hoceïma-Taounate Tébessa Tekirdağ Tel Aviv Telemark Teleorman Tennessee Teramo Terengganu Terni Territoire de Belfort Teruel Tessin Texas Tharaka-Nithi Thurgau Thüringen Tianjin Tiaret Tibet Tierra del Fuego Tierra del Fuego Timis Tipperary Tiranë Tirol Tizi Ouzou Tlaxcala Tlemcen Tocantins Tokat Toledo Toledo Tolima Toplički okrug Torino Trabzon Trapani Treinta y Tres Trento Treviso Trieste Trincomalee Tripura Troms Trujillo Tucumán Tulcea Tumbes Tunceli Tungurahua Tunu Turkana Tyne y Wear Tyrone Ucayali Udine Uigur de Xinjian Uìzzhouho Guì Última Esperanza Upper East region Upper West region Uppsala Uri Uruzgan Uşak Ústecký Utah Utrecht Uttar Pradesh Uttarakhand Val-de-Marne Valcea Valencia Valladolid Valle Valle del Cauca Valparaíso Valverde Van Var Varaždinska Vardak Varese Vargas Värmlands Vaslui Västerbottens Västernorrlands Västmanlands Västra Götalands Vaucluse Vaupés Vavuniya Vendée Venezia Veracruz-Llave Veraguas Verbano-Cusio-Ossola Vercelli Vermont Verona Vest-agder Vestfold Viana do Castelo Vibo-Valentia Vicenza Vichada Vienne Vieux Fort Vila Real Villa Clara Ville-de-Paris Virginia Virovitičk-Podravska Viterbo Vizcaya Vlaams-Brabant Vlorë Volta Vorarlberg Vosges Vukovarsko-Srijemska Waadt Wajir Wallis warmińsko-mazurskie Warwick Warwickshire Washington Waterford Wele-nzas West West West Bengal West Java West Kalimantan West Midlands West Nusa Tenggara West Papua West Sulawesi West Sumatra West Sussex West Virginia West Yorkshire West-Vlaanderen Western Cape Western region Westmeath Wexford Wicklow wielkopolskie Wien Wiltshire Wisconsin Worcestershire Wyoming Yalova Yaracuy Yobe Yogyakarta Yonne Yoro Yozgat Yucatán Yukon Yúnnán Yvelines Zabul Zacapa Zacatecas zachodniopomorskie Zadarska Zagreb, Grad Zagrebačka Zaječarski okrug Zambales Zamfara Zamora Zaragoza Zeeland Zhèjiang Zhuang de Guangxi Zlatiborski okrug Zlínský Zonguldak Zug Zuid-Holland Zulia Zürich Østfold łódzkie Αθήνα - Ανατολικά Προάστια Αθήνα - Βόρεια Προάστια Αθήνα - Δυτικά Προάστια Αθήνα - Κέντρο Αθήνα - Νότια Προάστια Αττική Ανατολική - Υπόλοιπο Αττική Δυτική  - Υπόλοιπο Θεσσαλονίκη - Κέντρο Θεσσαλονίκη - Περιφ. Δήμοι Θεσσαλονίκη - Υπόλ. Νομού Νομός Αιτωλοακαρνανίας Νομός Αργολίδας Νομός Αρκαδίας Νομός Άρτας Νομός Αχαΐας Νομός Βοιωτίας Νομός Γρεβενών Νομός Δράμας Νομός Ζακύνθου Νομός Ηλείας Νομός Ημαθίας Νομός Ηρακλείου Νομός Ιωαννίνων Νομός Καβάλας Νομός Καστοριάς Νομός Κέρκυρας Νομός Κεφαλληνίας Νομός Λάρισας Νομός Μαγνησίας Νομός Μεσσηνίας Νομός Ξάνθης Νομός Πρέβεζας Νομός Σερρών Νομός Φωκίδας Νομός Χαλκιδικής Πειραιάς Πειραιάς - Αργοσαρωνικός Πειραιάς - Προάστεια Автономная Республика Крым Агинский Бурятский автономный округ Алтайский край Амурская область Архангельская область Астраханская область Белгородская область Брянская область Винницкая область Владимирская область Волгоградская область Вологодская область Волынская область Воронежская область Днепропетровская область Донецкая область Еврейская автономная область Житомирская область Закарпатская область Запорожская область Ивано-Франковская область Ивановская область Иркутская область Кабардино-Балкарская Республика Калининградская область Калужская область Камчатская область Карачаево-Черкесская Республика Киевская область Кировоградская область Кировская область Корякский автономный округ Костромская область Краснодарский край Липецкая область Луганская область Львовская область Магаданская область Москва Московская область Мурманская область Ненецкий автономный округ Нижегородская область Николаевская область Одесская область Омская область Оренбургская область Орловская область Пензенская область Пермская область Полтавская область Приморский край Псковская область Республика Адыгея Республика Алтай Республика Башкортостан Республика Бурятия Республика Дагестан Республика Ингушетия Республика Коми Республика Марий Эл Республика Северная Осетия - Алания Республика Татарстан Республика Хакасия Ровенская область Рязанская область Санкт-Петербург Сахалинская область Свердловская область Ставропольский край Сумская область Тамбовская область Тверская область Тернопольская область Тульская область Тюменская область Удмуртская Республика Усть-Ордынский Бурятский а. о. Хабаровский край Харьковская область Херсонская область Хмельницкая область Черкасская область Черниговская область Черновицкая область Чеченская Республика Читинская область Чувашская Республика Ямало-Ненецкий автономный округ Ярославская область 三重県 京都府 佐賀県 兵庫県 北海道 千葉県 和歌山県 埼玉県 大分県 大阪府 奈良県 宮城県 宮崎県 富山県 山口県 山形県 山梨県 岐阜県 岡山県 岩手県 島根県 徳島県 愛媛県 愛知県 新潟県 東京都 栃木県 沖縄県 熊本県 石川県 神奈川県 福井県 福岡県 福島県 秋田県 群馬県 茨城県 長崎県 長野県 青森県 静岡県 香川県 高知県 鳥取県 鹿児島県 Search Categories For sale Animals Art - Collectibles Barter Books - Magazines Cameras - Camera Accessories View all Vehicles Cars Car Parts Motorcycles Boats - Ships RVs - Campers - Caravans View all Classes Computer - Multimedia Classes Language Classes Music - Theatre - Dance Classes Tutoring - Private Lessons Other Classes View all Real estate Houses - Apartments for Sale Houses - Apartments for Rent Rooms for Rent - Shared Housing Swap Vacation Rentals View all Services Marketing & Advertising Health - Beauty - Fitness Financial & Legal Travel & Tourism Babysitter - Nanny View all Community Carpool Community Activities Events Musicians - Artists - Bands Volunteers View all Jobs Accounting - Finance Advertising - Public Relations Arts - Entertainment - Publish... Clerical - Administrative Customer Service View all Matrimonial Wedding Planners Brides Grooms View all Latest Listings 223140.00 ₹ JOIN THE ILLUMINATI666 BROTHERHOOD?!!! Galadimawa JOIN THE ILLUMINATI666 BROTHERHOOD?!!!
contact us on +2349017887682 or [email protected] Are you a business man, or woman,are you a pastor
or an artist,, do you want to be famous or you want
to be rich or powerful, it is better you become a
member of Illuminati and make your dream come
true . this is the chance for you now to become a
member of the temple KINGDOM and get what you
seek from us.if you are ready to become a member
of Illuminati and ... Read more 223140.00 ₹ JOIN THE ILLUMINATI666 BROTHERHOOD?!!! Jabi JOIN THE ILLUMINATI666 BROTHERHOOD?!!! contact us on +2349017887682 or [email protected] Are you a business man, or woman,are you a pastor or an artist,, do you want to be famous or you want to be rich or powerful, it is better you become a member of Illuminati and make your dream come true . this is the chance for you now to become a member of the temple KINGDOM and get what you seek from us.if you are ready to become a member of Illuminati and realize your dream then-: whatsapp us or email [email protected] fi... Read more 10.00 ₹ AMINTOTO: Pusat Toto Macau Resmi Jaminan Bayar 100% Singkawang AMINTOTO adalah destinasi akhir bagi Anda yang mencari tempat bermain Toto Macau dengan standar keamanan tertinggi. Dengan moto "Pusat Resmi dan Jaminan Bayar 100%", Anda bisa fokus sepenuhnya pada strategi angka Anda tanpa perlu mencemaskan hal lainnya. Read more 60076.00 ₹ Easy Way Limo Skokie Welcome to Easy Way Limo, where luxury meets affordability. We are a premier limo rental companies near Chicago Illinois, that is dedicated to providing you with the best limo service experience possible. Our team of experienced professionals is committed to exceeding your expectations and ensuring your special occasion unforgettable. Whether you need a limo for a wedding, prom, or corporate event, we have the perfect vehicle to meet your needs. Read more Check with seller Totoagung Gambling Online Terpercaya dengan Provider Resmi North Mamuju Kepercayaan adalah faktor utama dalam memilih situs judi online, Totoagung berhasil membuktikannya dengan menghadirkan penyedia resmi berlisensi internasional. Setiap permainan dijalankan dengan sistem fair play dan audit berkala. Pemain dapat menikmati slot online, live casino, togel, dan sportsbook tanpa rasa khawatir. Slot tersedia dari Pragmatic Play, PG Soft, Microgaming, Playstar, dan TopTrend Gaming yang dikenal mudah memberikan kemenangan. Live casino menggunakan Evolution Gaming dan Playtech Live dengan kualitas ... Read more Check with seller Totoagung Gambling Online Terpercaya dengan Provider Resmi North Mamuju Kepercayaan adalah faktor utama dalam memilih situs judi online, Totoagung berhasil membuktikannya dengan menghadirkan penyedia resmi berlisensi internasional. Setiap permainan dijalankan dengan sistem fair play dan audit berkala. Pemain dapat menikmati slot online, live casino, togel, dan sportsbook tanpa rasa khawatir. Slot tersedia dari Pragmatic Play, PG Soft, Microgaming, Playstar, dan TopTrend Gaming yang dikenal mudah memberikan kemenangan. Live casino menggunakan Evolution Gaming dan Playtech Live dengan kualitas ... Read more Free Milk Chocolate Mushroom Bar – Smooth Flavor, Rich Taste & Prem... Denver Our milk chocolate mushroom bar is crafted for people who enjoy smooth flavor and rich taste in every bite. At GETMUSHROOMSDC, we focus on quality, and we make sure each bar feels special from start to finish. We blend fine milk chocolate with our signature touch to create a treat th... Read more Check with seller Totoagung Gambling Online Terpercaya dengan Provider Resmi North Mamuju Kepercayaan adalah faktor utama dalam memilih situs judi online, Totoagung berhasil membuktikannya dengan menghadirkan penyedia resmi berlisensi internasional. Setiap permainan dijalankan dengan sistem fair play dan audit berkala. Pemain dapat menikmati slot online, live casino, togel, dan sportsbook tanpa rasa khawatir. Slot tersedia dari Pragmatic Play, PG Soft, Microgaming, Playstar, dan TopTrend Gaming yang dikenal mudah memberikan kemenangan. Live casino menggunakan Evolution Gaming dan Playtech Live dengan kualitas ... Read more See all offers Afghanistan Albania Algeria Argentina Australia Austria Bahamas Barbados Belgium Belize Bermuda Bolivia Brazil Cambodia Canada Chile China Colombia Costa Rica Croatia Cuba Czech Republic Denmark Dominican Republic Ecuador El Salvador Equatorial Guinea Finland France Germany Ghana Greece Greenland Guatemala Guyana Haiti Honduras Hong Kong India Indonesia Iran Ireland Israel Italy Jamaica Japan Kenya Malaysia Mexico Morocco Netherlands Nigeria Norway Pakistan Panama Paraguay Peru Philippines Poland Portugal Romania Russia Saint Lucia Serbia Singapore South Africa Spain Sri Lanka Sweden Switzerland Thailand Turkey Ukraine United Kingdom United States Uruguay Venezuela Zimbabwe Free Classifieds Services Adpost4u.com is the top free classifieds website in India, USA, Australia, Canada and UK. With 10,000+ active ads, 8000+ active users and 5000+ Subscribers, 
                we are among the Top Classifieds Websites with the most easy and convenient services. It is a without registration classified website. Simplify your Ad Posting on Classifieds Site Promote your product or services on our Free Online Classified Website by easily advertising your products and services anytime on Adpost4u.com Simply publish your ad without registration, or Register and get a dedicated ad space and keep on publishing, renewing and updating your ads Use high quality images. Get direct reference to your Adpost4u ads via google searches. Share your ads on social media. 
                Buy products and services online from Adpost4u.com. Buy or Sell New & Used Items. Promote services using our classifieds portal throughout India. If looking for higher visibility, our premium ads feature is available to get your ads posted on the most visible areas of the classifieds pages. 
                Use the Premium ads to get better response and better chance of conversion. Disclaimer: This website is made for promoting products and services of adpost4u.com. We absolve ourselves of any liability arising out of 
                losses to our users due to their ad postings, buying or selling actions.  For any complaints/concerns, please contact us . Adblock Detected Please consider supporting us by disabling your ad blocker. Contact | About Us