Интернет-провайдер Инетком. Личный кабинет АКЦИЯ ДО 21 ЯНВАРЯ. ПОДКЛЮЧИМ СЕГОДНЯ! * Тарифы 450 Р/мес 100 Мбит/с 600 Р/мес 350 Мбит/с + телевидение бесплатно Интернет тарифы Тарифы «X-интернет» телевидение первый месяц бесплатно телевидение бесплатно тариф x300 тариф x450 тариф x600 300 ¢/месяц 450 ¢/месяц 600 ¢/месяц 15 Мбит/с 100 Мбит/с 350 Мбит/с Частный сектор x990 990 ¢/месяц 100 Мбит/с + Телевидение x1300 1300 ¢/месяц 300 Мбит/с + Телевидение x1600 1600 ¢/месяц 500 Мбит/с + Телевидение или проверьте свой адрес и оставьте интернет-заявку 1 Мая ул., Балашиха 1-й Басманный переулок, Москва 1-й Вышеславцев переулок, Москва 1-й Вязовский проезд, Москва 1-й Голутвинский переулок, Москва 1-й Грайвороновский проезд, Москва 1-й Дачный пер., Химки 1-й Дачный переулок, Химки 1-й Дружный переулок, Дятловка деревня, Балашиха 1-й Институтский проезд, Москва 1-й Казачий переулок, Москва 1-й Кожуховский проезд, Москва 1-й Липовый переулок, Соболиха деревня, Балашиха 1-й Мичуринский тупик, Химки 1-й Монетчиковский переулок, Москва 1-й Нагатинский проезд, Москва 1-й Новокузнецкий переулок, Москва 1-й Перова Поля проезд, Москва 1-й Рижский переулок, Москва 1-й Саратовский проезд, Москва 1-й Спасоналивковский переулок, Москва 1-й Угрешский проезд, Москва 1-й Чапаевский переулок, Химки 1-й Щипковский переулок, Москва 1-я Барышевская ул., Щербинка 1-я Брестская ул., Москва 1-я Бухвостова ул., Москва 1-я Владимирская ул., Москва 1-я Дубровская ул., Москва 1-я Измайловского Зверинца ул., Москва 1-я Карачаровская ул., Москва 1-я Машиностроения ул., Москва 1-я Мелитопольская ул., Москва 1-я Новокузьминская ул., Москва 1-я Светлая ул., Балашиха 1-я Текстильщиков ул., Москва 1-я Фрезерная ул., Москва 1-я Центральная ул., Щербинка 11-я Текстильщиков ул., Москва 12-я Новокузьминская ул., Москва 17-й Марьиной Рощи проезд, Москва 2-ая Комсомольская ул., Балашиха 2-й Автозаводский проезд, Москва 2-й Вязовский проезд, Москва 2-й Грайвороновский проезд, Москва 2-й Дачный переулок, Химки 2-й Динамовский переулок, Москва 2-й Донской проезд, Москва 2-й Дружный переулок, Дятловка деревня, Балашиха 2-й Кабельный проезд, Москва 2-й Казачий переулок, Москва 2-й Карачаровский проезд, Москва 2-й Кожевнический переулок, Москва 2-й Кожуховский проезд, Москва 2-й Котельнический переулок, Москва 2-й Липовый переулок, Соболиха деревня, Балашиха 2-й Лихачёвский переулок, Москва 2-й Митинский переулок, Москва 2-й Мичуринский тупик, Химки 2-й Монетчиковский переулок, Москва 2-й Полевой переулок, Москва 2-й Рощинский проезд, Москва 2-й Саратовский проезд, Москва 2-й Спасоналивковский переулок, Москва 2-й Хвостов переулок, Москва 2-й Чапаевский переулок, Химки 2-я Барышевская ул., Щербинка 2-я Бауманская ул., Москва 2-я Брестская ул., Москва 2-я Владимирская ул., Москва 2-я Дубровская ул., Москва 2-я Кабельная ул., Москва 2-я Карачаровская ул., Москва 2-я Машиностроения ул., Москва 2-я Мелитопольская ул., Москва 2-я Рощинская ул., Москва 2-я Светлая ул., Балашиха 2-я Синичкина ул., Москва 2-я Сокольническая ул., Москва 2-я Фрезерная ул., Москва 2-я Центральная ул., Щербинка 2-я Энтузиастов ул., Москва 2-я Южная ул., Балашиха 29-й километр, Подольск 3-е Почтовое Отделение ул., Люберцы 3-й Кадашевский переулок, Москва 3-й Крутицкий переулок, Москва 3-й Липовый переулок, Соболиха деревня, Балашиха 3-й Марьиной Рощи проезд, Москва 3-й Монетчиковский переулок, Москва 3-я Барышевская ул., Щербинка 3-я Институтская ул., Москва 3-я Карачаровская ул., Москва 3-я Песчаная ул., Москва 3-я Рощинская ул., Москва 3-я Соколиной горы ул., Москва 3-я Сокольническая ул., Москва 38-й Юго-Запада кв-л, Москва 4-й Верхний Михайловский проезд, Москва 4-й Крутицкий переулок, Москва 4-й Липовый переулок, Соболиха деревня, Балашиха 4-й Лихачевский переулок, Москва 4-й Рощинский проезд, Москва 4-й Сыромятнический переулок, Москва 4-я Гражданская ул., Москва 4-я Новокузьминская ул., Москва 4-я Сокольническая ул., Москва 40 лет Октября ул., Щербинка 5-й Донской проезд, Москва 5-й Котельнический переулок, Москва 5-й Липовый переулок, Соболиха деревня, Балашиха 5-й Монетчиковский переулок, Москва 5-я Железногорская ул., Москва 6-й Липовый переулок, Соболиха деревня, Балашиха 6-й Монетчиковский переулок, Москва 60 лет Октября ул., Балашиха 7-й Липовый переулок, Соболиха деревня, Балашиха 7-я Текстильщиков ул., Москва 8 Марта 4-я ул., Москва 8 Марта ул., Москва 8 Марта ул., Липки посёлок, Москва 8-й Липовый переулок, Соболиха деревня, Балашиха 8-я Текстильщиков ул., Москва 9 Мая ул., Химки 9-й Липовый переулок, Соболиха деревня, Балашиха Esbogatan, Stockholm Gutleutstrasse, Frankfurt am Main Mariehallsvagen, Stockholm Vandagatan, Stockholm Абельмановская ул., Москва Авиаконструктора Миля ул., Москва Авиамоторная ул., Москва Авиарембаза ул., Балашиха Авиаторов ул., Щербинка Авиационная ул., Щербинка Автозаводская ул., Балашиха Автозаводская ул., Москва Автомобильный проезд, Москва Автомоторная ул., Москва Агрогородок ул., Балашиха Адмирала Лазарева ул., Москва Адмирала Руднева ул., Москва Академика Грушина ул., Химки Академика Королева ул., Москва Академика Курчатова площадь, Москва Академика Ландау бульвар, Москва Академика Миллионщикова ул., Москва Академика Петровского ул., Москва Академика Понтрягина ул., Москва Академика Семёнова ул., Москва Академика Скрябина ул., Москва Академика Туполева набережная, Москва Александра Солженицына ул., Москва Алтуфьевское шоссе, Москва Ангарская ул., Москва Андрея Белого ул., Балашиха Андроновское шоссе, Москва Андроньевская ул., Москва Андропова проспект, Москва Аптекарский переулок, Москва Арбатецкая ул., Москва Армянский переулок, Москва Артюхиной ул., Москва Архангельский переулок, Москва Астраханский переулок, Москва Бабакина ул., Химки Базовская ул., Москва Бакунинская ул., Москва Банковский тупик, Голиково деревня, Химки Барашёвский переулок, Москва Барбарисовая ул., Москва Барболина ул., Москва Баррикадная ул., Москва Бартеневская ул., Москва Барышевская роща ул., Щербинка Барышевская ул., Щербинка Барыши местечко, Щербинка Барышиха ул., Москва Басманный переулок, Москва Басовская ул., Москва Бауманская ул., Москва Бахрушина ул., Москва Беговая ул., Москва Беговой проезд, Москва Белокаменская станция, Москва Беломорская ул., Москва Береговая ул., Долгопрудный Береговой проезд, Долгопрудный Бережковская набережная, Москва Берзарина ул., Москва Берников переулок, Москва Бескудниковский бульвар, Москва Бескудниковский проезд, Москва Библиотечная ул., Химки Библиотечная ул., Москва Богородский Вал ул., Москва Боенский проезд, Москва Бойцовая ул., Москва Болотная ул., Москва Большая Академическая ул., Москва Большая Андроньевская ул., Москва Большая Грузинская ул., Москва Большая Калитниковская ул., Москва Большая Морская ул., Санкт-Петербург Большая Ордынка ул., Москва Большая Очаковская ул., Москва Большая Пионерская ул., Москва Большая Полянка ул., Москва Большая Почтовая ул., Москва Большая Серпуховская ул., Москва Большая Спасская ул., Москва Большая Татарская ул., Москва Большая Тульская ул., Москва Большая ул., Москва Большая Черемушкинская ул., Москва Большая Черкизовская ул., Москва Большая Якиманка ул., Москва Большие Каменщики ул., Москва Большой Балканский переулок, Москва Большой Дровяной переулок, Москва Большой Златоустинский переулок, Москва Большой Казенный переулок, Москва Большой Козловский переулок, Москва Большой Овчинниковский переулок, Москва Большой Полуярославский переулок, Москва Большой Рогожский переулок, Москва Большой Симоновский переулок, Москва Большой Спасоглинищевский переулок, Москва Большой Строченовский переулок, Москва Большой Татарский переулок, Москва Большой Толмачёвский переулок, Москва Большой Факельный переулок, Москва Большой Харитоньевский переулок, Москва Бориса Жигулёнкова ул., Москва Боровая ул., Москва Бригадирский переулок, Москва Бродников переулок, Москва Бронницкая ул., Москва Бронницкий переулок, Москва Брошевский переулок, Москва Брусилова ул., Москва Будённого проспект, Москва Букинское шоссе, Лобня Бунинская Аллея ул., Москва Бусиновская Горка ул., Москва Бутлерова ул., Москва Бутовский тупик, Щербинка Быковская ул., Щербинка Вавилова ул., Москва Вадковский переулок, Москва Валдайский проезд, Москва Валовая ул., Москва Варшавское шоссе, Москва Варшавское шоссе, 28-й км, Москва Васильевская ул., Москва Васильцовский Стан ул., Москва Ватутина ул., Химки Ватутинский тупик, Химки Вековая ул., Москва Велозаводская ул., Москва Вельяминовская ул., Москва Вербная ул., Соболиха деревня, Балашиха Вересковая ул., Москва Вересковая ул., Соболиха деревня, Балашиха Верхняя ул., Путилково деревня, Красногорск Верхняя Хохловка ул., Москва Весенняя ул., Щербинка Весенняя ул., Москва Вешняковская ул., Москва Викторенко ул., Москва Вилиса Лациса ул., Москва Вишневая ул., Москва Вишнёвая ул., Химки Вишняковский переулок, Москва Водопроводная ул., Щербинка Вокзальная ул., Красногорск Волгоградский проспект, Москва Волжский бульвар, Москва Волжский Бульвар 113А кв-л, Москва Волжский Бульвар 114А кв-л, Москва Волжский Бульвар 95-й кв-л, Москва Воловья ул., Москва Волоколамский проезд, Москва Волоколамское шоссе, Красногорск Волоколамское шоссе, Москва Волочаевская ул., Москва Волховский переулок, Москва Вольная ул., Москва Воронцово Поле ул., Москва Воронцовская ул., Москва Восточная ул., Щербинка Восточная ул., Москва Восточная ул., Молодцы деревня, Москва Восточное шоссе, Балашиха Вспольный переулок, Москва Выборгская ул., Москва Высоковольтный проезд, Москва Высотная ул., Щербинка Вячеслава Томаровича ул., Путилково деревня, Красногорск Гагарина ул., Москва Гагарина ул., Владикавказ Газгольдерная ул., Москва Гастелло ул., Москва Гастелло ул., Балашиха Гвоздева ул., Москва Генерала Белобородова ул., Москва Героев Панфиловцев ул., Москва Героев проспект, Балашиха Герцена ул., Химки Гжельский переулок, Москва Гидрогородок ул., Балашиха Главная ул., Балашиха Гоголевский переулок, Химки Гоголя ул., Химки Гоголя ул., Щербинка Голиково деревня, Химки Голиковская ул., Голиково деревня, Химки Головинское шоссе, Москва Гончарная ул., Москва Горная ул., Голиково деревня, Химки Гороховский переулок, Москва Госпитальная набережная, Москва Госпитальная площадь, Москва Госпитальная ул., Москва Госпитальный Вал ул., Москва Госпитальный переулок, Москва Грайвороново 90А кв-л, Москва Грайвороновская ул., Москва Граничная ул., Балашиха Грохольский переулок, Москва Гурьянова ул., Москва Гусятников переулок, Москва Дальняя ул., Соболиха деревня, Балашиха Дачная ул., Москва Дачная ул., Подолино деревня, Химки Девятая Рота ул., Москва Девяткин переулок, Москва Дежнёва проезд, Москва Декабристов ул., Москва Денисовский переулок, Москва Дербеневская ул., Москва Детская ул., Балашиха Дзержинского ул., Щербинка Динамовская ул., Москва Дмитровское шоссе, Москва Добровольческая ул., Москва Добросельская ул., Дятловка деревня, Балашиха Доброслободская ул., Москва Докучаев переулок, Москва Донская ул., Москва Дорожная ул., Щербинка Дубининская ул., Москва Дубравная ул., Москва Дурасовский переулок, Москва Духовской переулок, Москва Душинская ул., Москва Дятловка деревня, Балашиха Евстафьева ул., Балашиха Егорьевская ул., Москва Егорьевский проезд, Москва Елизаветинский переулок, Москва Енисейская ул., Москва Есенинский бульвар, Москва Жданова ул., Химки Железнодорожная ул., Щербинка Железнодорожный проезд, Балашиха Жигулёвская ул., Москва Жилгородок ул., Балашиха Житная ул., Москва ЖК Бутово Парк, Видное Жуковского ул., Долгопрудный Жуковского ул., Красногорск Журавлёва площадь, Москва Забелина ул., Москва Заветный тупик, Голиково деревня, Химки Заводская ул., Химки Заводская ул., Щербинка Заводская ул., Зеленоград город, Москва Загородная ул., Балашиха Загородное шоссе, Москва Западная ул., Балашиха Западная ул., Щербинка Заповедная ул., Москва Зарайская ул., Москва Затонная ул., Москва Захарьинские Дворики ул., Москва Зацепа ул., Москва Зацепский Вал ул., Москва Зверева ул., Красногорск Зверинецкая ул., Москва Звёздная ул., Балашиха Зеленоград город, Москва Зеленодольская ул., Москва Зеленый проспект, Москва Зеленый тупик, Голиково деревня, Химки Зелёная ул., Щербинка Зелёная ул., Химки Земляной Вал ул., Москва Зои и Александра Космодемьянских ул., Москва Золоторожский Вал ул., Москва Золоторожский проезд, Москва Зоологическая ул., Москва Зубарев переулок, Москва Ибрагимова ул., Москва Ивана Сусанина ул., Москва Иваньковское шоссе, Москва Ивовая ул., Москва Игарский проезд, Москва Игоря Мерлушкина ул., Красногорск Игральная ул., Москва Иерусалимская ул., Москва Иерусалимский проезд, Москва Ижорская ул., Москва Известковый переулок, Москва Измайловский Вал ул., Москва Измайловское шоссе, Москва Изумрудный кв-л, Балашиха Изюмская ул., Москва Индустриальная ул., Щербинка Иркутская ул., Москва Искры ул., Москва Ихтиманская ул., Подольск Кадашёвская набережная, Москва Кадырова ул., Москва Казакова ул., Москва Казанский переулок, Москва Казарменный переулок, Москва Калинина ул., Химки Канатчиковский проезд, Москва Кантемировская ул., Санкт-Петербург Карбышева ул., Красногорск Карла Маркса ул., Химки Качалинская ул., Москва Каширское шоссе, Москва Керамическая ул., Балашиха Кирова ул., Красногорск Кирова ул., Люберцы Кирова ул., Химки Кирпичная ул., Москва Китайгородский проезд, Москва Климентовский переулок, Москва Клязьминская ул., Москва Ковров переулок, Москва Кожевническая ул., Москва Кожедуба ул., Балашиха Коломенская набережная, Москва Коломенская ул., Москва Коломенский проезд, Москва Колхозная ул., Балашиха Колхозная ул., Щербинка Кольская ул., Москва Кольцевая ул., Балашиха Коммунистическая ул., Мытищи Коммунистическая ул., Липки посёлок, Москва Комсомольская ул., Балашиха Комсомольская ул., Щербинка Комсомольский проезд, Балашиха Конюшковская ул., Москва Кооперативная ул., Щербинка Кооперативная ул., Пуршево деревня, Балашиха Кооперативная ул., Соболиха деревня, Балашиха Корабельная ул., Москва Коровий Вал ул., Москва Коровинское шоссе, Москва Короленко ул., Москва Космодамианская набережная, Москва Космонавта Волкова ул., Москва Космонавтов бульвар, Красногорск Космонавтов ул., Щербинка Костомаровский переулок, Москва Котельническая набережная, Москва Котляковская ул., Москва Котовского ул., Щербинка Кошкина ул., Москва Крайняя ул., Соболиха деревня, Балашиха Красина ул., Москва Красная горка ул., Соболиха деревня, Балашиха Красная Пресня ул., Москва Красная ул., Химки Красная ул., Щербинка Красноармейская ул., Москва Красноармейская ул., Щербинка Краснобогатырская ул., Москва Красногорский бульвар, Красногорск Краснодарская ул., Москва Красноказарменная ул., Москва Краснополянская ул., Москва Краснохолмская набережная, Москва Красный Текстильщик ул., Балашиха Крестьянский тупик, Москва Кривоколенный переулок, Москва Криворожская ул., Москва Кронштадтский бульвар, Москва Крупской ул., Балашиха Крутицкий Вал ул., Москва Крымский Вал ул., Москва Крюковская площадь, Зеленоград город, Москва Крюковский тупик, Москва Кудрявцева ул., Химки Кузнецова ул., Москва Кузьминская ул., Москва Кузьминский парк, Москва Курганная ул., Химки Куркинское шоссе, Химки Кусковская ул., Москва Кутузова ул., Щербинка Кутузовский микрорайон, Химки Лавочкина ул., Москва Лавров переулок, Москва Ладожская ул., Москва Лазаревский переулок, Москва Лазоревый проезд, Москва Левобережная ул., Москва Левый тупик, Москва Ленина ул., Подольск Ленина ул., Красногорск Ленина ул., Балашиха Ленинградская ул., Химки Ленинградский проспект, Москва Ленинградское шоссе, Химки Ленинградское шоссе, Москва Ленинская Слобода ул., Москва Ленинский проспект, Москва Ленинский проспект, Химки Лермонтова ул., Щербинка Лескова ул., Москва Лесная ул., Красногорск Лесная ул., Химки Лесная ул., Подолино деревня, Химки Лесной массив, Балашиха Летная ул., Долгопрудный Летниковская ул., Москва Лефортовский Вал ул., Москва Лефортовский переулок, Москва Лётчика Грицевца ул., Москва Липовая ул., Соболиха деревня, Балашиха Липовый переулок, Соболиха деревня, Балашиха Лихачевский проезд, Долгопрудный Лихачевский проспект, Долгопрудный Лихачёва проспект, Москва Лобанова ул., Москва Лодочная ул., Москва Лубянский проезд, Москва Луговая ул., Балашиха Луговая ул., Щербинка Луговая ул., Голиково деревня, Химки Луков переулок, Москва Лыщиков переулок, Москва Льва Толстого переулок, Балашиха Люблинская ул., Москва Люблинская ул., Щербинка Люсиновская ул., Москва Лялин переулок, Москва Ляхова ул., Балашиха Майская ул., Щербинка Малая Андроньевская ул., Москва Малая Калитниковская ул., Москва Малая Калужская ул., Москва Малая Никитская ул., Москва Малая Ордынка ул., Москва Малая Полянка ул., Москва Малая Почтовая ул., Москва Малая Семёновская ул., Москва Малая Тульская ул., Москва Малиновая ул., тер. СНТ Гавриково, Москва Малый Дровяной переулок, Москва Малый Златоустинский переулок, Москва Малый Казённый переулок, Москва Малый Липовый переулок, Соболиха деревня, Балашиха Малый Рогожский переулок, Москва Малый Спасоглинищевский переулок, Москва Малый Толмачёвский переулок, Москва Малышева ул., Москва Марка Шагала Набережная, Москва Марксистская ул., Москва Марксистский переулок, Москва Мароновский переулок, Москва Маросейка ул., Москва Мартыновский переулок, Москва Маршала Полубоярова ул., Москва Маршала Савицкого ул., Москва Маршала Тухачевского ул., Москва Маршала Федоренко ул., Москва Маршала Чуйкова ул., Москва Мастеркова ул., Москва Матросова ул., Балашиха Матросская Тишина ул., Москва Маши Порываевой ул., Москва Машкова ул., Москва Маяковского переулок, Москва Маяковского ул., Балашиха Маяковского ул., Химки Международная ул., Москва Мельникова проспект, Химки Мельникова ул., Москва Мельничная ул., Химки Мельничный переулок, Химки Мещерякова ул., Москва МЖД Курское 33-й км, Щербинка Миклухо-Маклая ул., Москва Милютинский переулок, Москва Мира проспект, Химки Мира проспект, Москва Мироновская ул., Москва Мирской проезд, Балашиха Митинская ул., Москва Михайлова ул., Москва Михайловский проезд, Москва Мичурина ул., Химки МКАД 29-й километр, Москва МКАД 32-й километр, Москва МКАД 68-й километр, Москва МКАД 74-й километр, Москва Можайское шоссе, Одинцово Молодежная ул., Щербинка Молодежная ул., Химки Молодёжная ул., Балашиха Молодцы деревня, Москва Морщихино кв-л, Химки Москвитина ул., Москва Москворечье ул., Москва Московская ул., Щербинка Московская ул., Балашиха Московская ул., Химки Московский переулок, Щербинка Московское шоссе, Долгопрудный Мостотреста ул., Щербинка Муравская ул., Москва Мурановская ул., Москва Мытная ул., Москва Мясникова ул., Ростов-на-Дону Мясницкая ул., Москва Мясницкий проезд, Москва Набережная ул., Химки Набережная ул., Дятловка деревня, Балашиха Нагатинская ул., Москва Народная ул., Москва Народного Ополчения ул., Красногорск Наставнический переулок, Москва Нахимовский проспект, Москва Национальная ул., Голиково деревня, Химки Некрасова ул., Химки Некрасова ул., Балашиха Некрасова ул., Велтон Парк микрорайон, Химки Нижегородская ул., Москва Нижняя Красносельская ул., Москва Нижняя Сыромятническая ул., Москва Николая Сироткина ул., Москва Николоямская ул., Москва Новаторов ул., Москва Новая Басманная ул., Москва Новая Дорога ул., Москва Новая Дятловка коттеджный поселок, Дятловка деревня, Балашиха Новая Опалиха ул., Красногорск Новая ул., Химки Новая ул., Москва Новая ул., Балашиха Новинский бульвар, Москва Новоалексеевская ул., Москва Новоданиловская набережная, Москва Новокосинская ул., Москва Новокузнецкая ул., Москва Новокурганная ул., Химки Новоостаповская ул., Москва Новорогожская ул., Москва Новорязанская ул., Москва Новослободская ул., Соболиха деревня, Балашиха Новостроевская ул., Щербинка Новосущёвская ул., Москва Новотушинская ул., Москва Новотушинская ул., Красногорск Новотушинская ул., Путилково деревня, Красногорск Новохохловская ул., Москва Новочерёмушкинская ул., Москва Новый бульвар, Долгопрудный Новый переулок, Химки Носовихинское шоссе, Балашиха Образцова ул., Москва Обручева ул., Москва Обуха переулок, Москва Овражная ул., Щербинка Овражная ул., Химки Овчинниковская набережная, Москва Огородная Слобода переулок, Москва Озерковская набережная, Москва Озерковский переулок, Москва Окружной проезд, Москва Окская ул., Москва Октябрьская ул., Щербинка Октябрьская ул., Москва Октябрьская ул., Балашиха Октябрьская ул., Химки Октябрьский тупик, Химки Олега Кошевого ул., Щербинка Онежская ул., Москва Оптический переулок, Красногорск Орджоникидзе ул., Москва Орехово-Зуевский проезд, Москва Осенний бульвар, Москва Осипенко ул., Липки посёлок, Москва Остаповский проезд, Москва Остафьевская ул., Щербинка Остафьевская ул., Москва Островского ул., Балашиха Павелецкая набережная, Москва Павла Андреева ул., Москва Павлика Морозова ул., Липки посёлок, Москва Павшинская ул., Красногорск Пакгаузное шоссе, Москва Панорамная ул., Соболиха деревня, Балашиха Панфилова ул., Химки Паперника ул., Москва Парковая ул., Щербинка Парковая ул., Москва Партизанская ул., Щербинка Партизанская ул., Улан-Удэ Партийный переулок, Москва Певческий переулок, Москва Первомайская ул., Красногорск Первомайская ул., Балашиха Первомайская ул., Щербинка Переведеновский переулок, Москва Перовская ул., Москва Перовский проезд, Москва Перовское шоссе, Москва Пестово деревня, Балашиха Пестовский переулок, Москва Петроверигский переулок, Москва Петрозаводская ул., Москва Пионерская ул., Балашиха Пионерская ул., Щербинка Пионерская ул., Красногорск Плавский проезд, Москва Планерная ул., Москва Плетешковский переулок, Москва Победы ул., Химки Победы ул., Подольск Погорельский переулок, Москва Подольская ул., Щербинка Подольских Курсантов, Москва Подсосенский переулок, Москва Подъёмная ул., Москва Подъёмный переулок, Москва Пожарского ул., Химки Покровка ул., Москва Покровский бульвар, Москва Полевая ул., Москва Полевая ул., Химки Поликарпова ул., Москва Полынная ул., Соболиха деревня, Балашиха Поляны ул., Москва Поповка ул., Балашиха Потаповский переулок, Москва Почтовая ул., Щербинка Почтовая ул., Подольск Пресненский Вал ул., Москва Прибрежный проезд, Москва Привольная ул., Москва Привольная ул., Дятловка деревня, Балашиха Пригородная ул., Балашиха Приорова ул., Москва Проектируемый 4062-й проезд, Москва Пролетарская ул., Химки Пролетарская ул., Щербинка Пролетарская ул., Балашиха Пролетарская ул., Пуршево деревня, Балашиха Промышленный проезд, Долгопрудный Просвирин переулок, Москва Профсоюзная ул., Москва Прудная ул., Химки Прудный переулок, Химки Прудовая ул., Щербинка Путилково деревня, Красногорск Путилковское шоссе, Путилково деревня, Красногорск Пушкина ул., Химки Пушкина ул., Балашиха Пушкинская ул., Щербинка Пушкинский переулок, Химки Пыжевский переулок, Москва Пятницкая ул., Москва Пятницкое шоссе, Москва Рабочая ул., Балашиха Рабочая ул., Щербинка Рабочая ул., Москва Рабочая ул., Химки Радио ул., Москва Радужная ул., Щербинка Разина ул., Балашиха Ракетостроителей проспект, Долгопрудный Рассказовская ул., Москва Раушская набережная, Москва Репина ул., Химки Репищева ул., Санкт-Петербург Ретрансляторная ул., Каменск-Шахтинский Речная ул., Щербинка Речная ул., Балашиха Речная ул., Красногорск Речников ул., Москва Рогожская Застава площадь, Москва Рогожский Вал ул., Москва Рогожский Посёлок ул., Москва Родниковая ул., Химки Родниковый переулок, Химки Рождественская ул., Мытищи Рубцовско-Дворцовая ул., Москва Руновский переулок, Москва Русанова проезд, Москва Рыбачья ул., Балашиха Рыбников переулок, Москва Рязановское шоссе, Подольск Рязановское шоссе, Знамя Октября поселок, Москва Рязанский проспект, Москва Саввинская ул., Балашиха Саввинское шоссе, Балашиха Саврасово кв-л, Химки Садовая ул., Красногорск Садовая ул., Щербинка Садовая ул., Путилково деревня, Красногорск Садовая ул., Соболиха деревня, Балашиха Садовая-Кудринская ул., Москва Садовая-Спасская ул., Москва Садовая-Черногрязская ул., Москва Садовники ул., Москва Садовническая наб., Москва Садовническая ул., Москва Саломеи Нерис ул., Москва Салтыковская ул., Москва Самаркандский бульвар, Москва Самокатная ул., Москва Саранская ул., Москва Саратовская ул., Москва Сверчков переулок, Москва Светлая ул., Щербинка Свободы ул., Балашиха Свободы ул., Москва Святослава Рихтера ул., Москва Севастопольский проспект, Москва Северная ул., Щербинка Северная ул., Голиково деревня, Химки Седова ул., Москва Селиверстов переулок, Москва Селигерская ул., Москва Сельскохозяйственная ул., Москва Семёновская набережная, Москва Сергия Радонежского ул., Москва Серебренниковская ул., Новосибирск Серебрякова проезд, Москва Сибирский проезд, Москва Симоновский Вал ул., Москва Симферопольская ул., Щербинка Симферопольский проезд, Москва Симферопольское шоссе, Щербинка Сиреневая ул., Щербинка Сиреневая ул., тер. СНТ Гавриково, Москва Сиреневая ул., тер. СНТ Гавриково-1, Москва Скобелевская ул., Москва Скорняжный переулок, Москва Скотопрогонная ул., Москва Славянская площадь, Москва Слободской переулок, Москва Смирновская ул., Москва Смольная ул., Москва Снежная ул., Москва СНТ Наука, Москва СНТ Победа-Потапово, Москва Советская ул., Подольск Советская ул., Балашиха Советской Армии ул., Москва Совхозная ул., Щербинка Совхозная ул., Москва Солдатская ул., Москва Солдатский переулок, Москва Солнечная аллея, Зеленоград город, Москва Солнечная ул., Голиково деревня, Химки Солнечная ул., Подолино деревня, Химки Солянский тупик, Москва Сормовский проезд, Москва Сорокин переулок, Москва Сосинская ул., Москва Сосинский проезд, Москва Сосновая аллея, Москва Софийская набережная, Москва Спартаковская площадь, Москва Спартаковская ул., Химки Спасская ул., Красногорск Спасский бульвар, Балашиха Спасский тупик, Москва Спортивная ул., Щербинка Спортивная ул., Голиково посёлок коттеджный, Химки Средний Золоторожский переулок, Москва Средний Овчинниковский переулок, Москва Средняя Калитниковская ул., Москва Средняя ул., Соболиха деревня, Балашиха Сретенский бульвар, Москва Ставропольская ул., Москва Станиславского ул., Москва Старая Басманная ул., Москва Староалексеевская ул., Москва Старобитцевская ул., Москва Старокачаловская ул., Москва Старокаширское шоссе, Москва Старокирочный переулок, Москва Старокрымская ул., Москва Старомонетный переулок, Москва Старонародная ул., Москва Староникольская ул., Москва Староникольская ул., Москва Старообрядческая ул., Москва Старосадский переулок, Москва Старосырово деревня, Москва Старые Кузьминки ул., Москва Старый Толмачевский переулок, Москва Стасова ул., Щербинка Стахановская ул., Москва Сторожевая ул., Москва Страстной бульвар, Москва Стремянный переулок, Москва Строителей бульвар, Красногорск Строителей проезд, Долгопрудный Строительная ул., Жуковский Строительный проезд, Москва Строительный проезд, Красногорск Стройковская ул., Москва Стромынка ул., Москва Суворовская ул., Москва Судостроительная ул., Москва Суздальская ул., Москва Сущёвский Вал ул., Москва Сходненска ул., Голиково деревня, Химки Сходненская ул., Москва Сходненская ул., Голиково деревня, Химки Сходненский тупик, Москва Сыровская ул., Щербинка Сыромятнический проезд, Москва Таганрогская ул., Москва Таганская площадь, Москва Таганская ул., Москва Талалихина ул., Москва Талалихина ул., Липки посёлок, Москва Талдомская ул., Москва Тальминская ул., Голиково деревня, Химки Таможенный проезд, Москва Танковый проезд, Москва Татарская ул., Москва Ташкентская ул., Москва Театральная ул., Щербинка Тенистый проезд, Москва Тенистый тупик, Голиково деревня, Химки тер. Гринвуд, Красногорск тер. СНТ Берёзки, Москва тер. СНТ Гавриково, Москва тер. СНТ Гавриково-1, Москва тер. СНТ Горетовка, Химки тер. СНТ Лесное, Химки тер. СНТ Рассвет, Москва тер. СПО Бархат, Балашиха тер. СПО Ветеран, Балашиха тер. СПО Содружество, Балашиха тер. СПО Темниково, Балашиха тест, Москва Тимирязева ул., Щербинка Типографская ул., Москва Тихая ул., Москва Тихвинская ул., Москва Ткацкая ул., Москва Товарищеский переулок, Москва Токмаков переулок, Москва Толбухина ул., Щербинка Тополёвая аллея, Москва Транспортная ул., Балашиха Транспортный проезд, Долгопрудный Транспортный проезд, Химки Трофимова ул., Москва Трудовая ул., Москва Трудовая ул., Щербинка Трудовая ул., Соболиха деревня, Балашиха Тульский тупик, Голиково деревня, Химки Туманная ул., Соболиха деревня, Балашиха Туристская ул., Москва Тушинская ул., Москва Тюкова ул., Химки Упорный переулок, Москва Усковская ул., Химки Усковский переулок, Химки Утренняя ул., Балашиха Фабрики имени 1-го Мая поселок, Москва Фабрициуса ул., Москва Фабричная ул., Москва Федурново деревня, Балашиха Ферганская ул., Москва Фестивальная ул., Москва Фестивальная ул., Голиково деревня, Химки Фёдора Полетаева ул., Москва Фирсановка-Лайф микрорайон, Химки Фомичевой ул., Москва Фортунатовская ул., Москва Фрезер проезд, Москва Фрезер шоссе, Москва Фридриха Энгельса ул., Москва Фрязевская ул., Москва Фурманный переулок, Москва Химкинский бульвар, Москва Хлобыстова ул., Москва Ходынский бульвар, Москва Холодильный переулок, Москва Хомутовский тупик, Москва Хохловский переулок, Москва Цветочная ул., Щербинка Цветочная ул., Санкт-Петербург Цветочный тупик, Голиково деревня, Химки Центральная ул., Москва Центральная ул., Балашиха Центральная ул., Голиково деревня, Химки Центральная ул., Пуршево деревня, Балашиха Центральная ул., Соболиха деревня, Балашиха Центральная ул., тер. СНТ Берёзки, Москва Центросоюзный переулок, Москва Циолковского ул., Москва Циолковского ул., Красногорск Цурюпы ул., Москва Чайковского ул., Красногорск Чайковского ул., Химки Чапаева ул., Химки Чапаева ул., Щербинка Челобитьевское шоссе, Москва Черемуховая ул., Соболиха деревня, Балашиха Черноморский бульвар, Москва Чернышевского ул., Химки Черняховского ул., Химки Чесменская ул., Москва Чехова ул., Балашиха Чехова ул., Щербинка Чечёрский проезд, Москва Чистова ул., Москва Чистопольская ул., Москва Чистопрудный бульвар, Москва Чичерина ул., Москва Чкалова ул., Щербинка Шаболовка ул., Москва Шарикоподшипниковская ул., Москва Шелепихинская набережная, Москва Шепелюгинская ул., Москва Шепелюгинский переулок, Москва Школьная ул., Щербинка Школьная ул., Балашиха Школьная ул., Москва Школьная ул., Химки Шкулёва ул., Москва Шлюзовая набережная, Москва Шокальского проезд, Москва Шоссейная ул., Москва Шоссейная ул., Голиково деревня, Химки Шоссейный проезд, Москва Шумилова ул., Москва Шухова ул., Москва Щепкина ул., Москва Щербаковская ул., Москва Щербинка деревня, Москва Щербинская ул., Москва Щербинский проезд, Щербинка Щетининский переулок, Москва Щёлковское шоссе, Москва Щипок ул., Москва Щукинская ул., Москва Электродная ул., Москва Электрозаводская ул., Москва Электролитный проезд, Москва Энгельса ул., Химки Энгельса ул., Щербинка Энгельса ул., Химки Энергетическая ул., Москва Энтузиастов шоссе, Балашиха Энтузиастов шоссе, Москва Юбилейная ул., Балашиха Юбилейная ул., Щербинка Юбилейный проспект, Химки Южнобутовская ул., Москва Южнопортовая ул., Москва Юлиуса Фучика ул., Москва Юннатов ул., Химки Юности ул., Москва Юных Ленинцев проспект, Подольск Юных Ленинцев ул., Москва Юрьевская ул., Москва Юрьевский переулок, Москва Яковоапостольский переулок, Москва Ялтинская ул., Москва Яна Райниса бульвар, Москва Ярославская ул., Москва Ясеневая ул., Соболиха деревня, Балашиха Дом Имя Не заполнено поле Имя Адрес Не указан адрес Тел. Телефон должен содержать 10 цифр, включая код Добавить комментарий Согласен на обработку своих персональных данных в соответствии с Положением Звоните: +7 (495) 744-02-03 Trade In При подключении предоставляется бесплатный месяц пользования, поэтому даже при оплаченных услугах другого провайдера вы не потеряете деньги Все включено Одновременно с подключением интернета наши специалисты бесплатно перенастроят ваше оборудование для успешной работы в нашей сети Сегодня! Мы готовы подключить вашу квартиру в удобное для вас время с 9 до 21 в любой день, в том числе в день подачи заявки * На любой вкус Для удобства наших абонентов существуют не только тарифы интернет, но и комбинированные интернет+ТВ Цифровое телевидение Смотрите ИНЕТКОМ.ТВ на экране смартфона, планшета и телевизора с функцией SMART TV. Беспроводной интернет По вашей просьбе наши специалисты бесплатно подключат и настроят беспроводной Wi-Fi роутер. перейти на основной сайт * Подключение производится в день подачи заявки в случае согласования условий подключения до 11-00. Акция действительна для новых абонентов и физических адресов, не состоявших в договорных отношениях с Инетком в течение 90 дней до момента подключения. В тарифных планах указана максимально доступная скорость. Фактическая скорость может отличаться от указанной, что зависит от различных факторов. Интернет и телевидение 109117, г. Москва, ул. Окская, дом 5, корп. 1 info@inetcom.ru, +7 (495) 744-02-03 Инетком — интернет-провайдер Москвы и Московской области. Районы покрытия: Бескудниково , Бутово , Донской , Западное Дегунино , Кузьминки , Левобережный , Лефортово , Люблино , Митино , Нагатинский Затон , Нагорный , Нижегородский , Новобратцевский , Рязанский , Таганский , Текстильщики , Тушино , Южнопортовый , г. Зеленоград , г. Щербинка , г. Щербинка, Остафьево , г. Балашиха , д. Федурново , д. Чёрное , г. Железнодорожный , г. Химки . Карта покрытия сети Инетком.