Favorite
Review
Advertise for $5
Escort Services Near Me
All cities
All cities
Choose language
العربية
中文
English (US)
Español
Français
Deutsch
Ελληνικά
עִבְרִית
Italiano
日本語
한국어
Melayu
Português
Русский
Svenska
Türkçe
ENTER
With entering the site I accept the terms of use below.
Escort reviews:
1770513
GO
INPUT FORMAT:
Country code + phone number
USA: +12023034455
UK: +445566889900065
Add review
Most popular locations
New York escorts
Singapore escorts
Chicago escorts
Miami escorts
Philadelphia escorts
Washington DC escorts
Luxembourg escorts
Los Angeles escorts
Las Vegas escorts
Boston escorts
San Francisco escorts
Houston escorts
Salt Lake City escorts
Honolulu escorts
Stockholm escorts
Hong Kong escorts
Tokyo escorts
Saint Julian escorts
London escorts
Paris escorts
San Antonio escorts
Dallas escorts
Phoenix escorts
Columbus, Oh escorts
Atlanta escorts
Wien escorts
Nice escorts
Lyon escorts
Kuala Lumpur escorts
San Jose escorts
San Diego escorts
Seattle escorts
Sacramento escorts
Edmonton escorts
Vancouver escorts
Ottawa escorts
Montreal escorts
Manama escorts
Dubai escorts
Abu Dhabi escorts
Istanbul escorts
Cleveland escorts
Denver escorts
Seoul escorts
Taipei escorts
Manila escorts
Amman escorts
Al Kuwait escorts
Goteborg escorts
Malmo escorts
Cairo escorts
Riyadh escorts
Dammam escorts
Detroit escorts
Minneapolis escorts
Kansas City escorts
Brooklyn escorts
Manhattan escorts
Long Island escorts
Oklahoma City escorts
Tulsa escorts
Portland escorts
Pittsburgh escorts
Nashville escorts
Milwaukee escorts
Milan escorts
Toronto escorts
New Jersey escorts
Atlantic City escorts
Escort Reviews
No photo
31 December 2025
Phones:
 
+17205150526
Отзыв:
Jewel has been on my radar for a long time. Seen her on TRYST and have been waiting for the stars to align. She reappeared in Naples this year and I made sure to be in Naples on this trip of hers. IT WAS AN EARLY XMAS PRESENT FOR ME. WELL WORTH IT. MADE SURE I COULD WORK IT OUT WITH A GOOD ALIBI TO GET OUT!
No photo
30 December 2025
Phones:
 
+13106986190
Отзыв:
Saw her ad. She looked very appealing. Set up was easy. A few texts back and forth and I got the location and was on the way. Excellent session with a beautiful Latina.
No photo
30 December 2025
Phones:
 
+15087884491
Отзыв:
Saw Chiara's post and reached out.
No photo
30 December 2025
Phones:
 
+14253091120
Отзыв:
Jenney was exactly what I was looking for! Beautifully large breast and shy! Perfect session and I can't wait to visit again.
No photo
30 December 2025
Phones:
 
+3237457984
Отзыв:
After a grueling day, I needed to melt away the stress, so I started browsing and her photos hooked me right away. She verified easily, and her communication was spot-on, making setup a breeze. In person, she blew me away—flawless curves, smooth skin, a fit body, and the cutest face. Her personality shines through, warm and engaging. She totally transformed my mood with her magical touch, turning a rough day into pure bliss. She's a must-see repeat for me.
No photo
30 December 2025
Phones:
 
+13129276507
Отзыв:
I had never used this agency but my regular agencies had been lacking. Took the plunge and verified that day and set the appointment for later that day. Got there and got the room # and went up. Dom opened the door and looked just like her pics. I will definitely repeat
No photo
30 December 2025
Phones:
 
+17026603076
Отзыв:
I saw Linda before and needed a good massage and release. I shot her a text and had her meet me at the elevators. She was right on time (actually early) and we headed up. , everyone else, she is worth the price of admission.
No photo
30 December 2025
Phones:
 
+17026603076
Отзыв:
Seen Linda a couple of times. She is a good value if you want to just get your rocks off. Seen her for 30 minutes both times and would see her again
No photo
30 December 2025
Phones:
 
+14698756657
Отзыв:
Joye was back in town and I remembered how pretty and sensual she was. So I decided to see her again. Same usual routine. I have a pretty good rapport with PO and I was early so we exchanged chats for 20 minutes. PO indicated it was hard to get girls in the area after I told him they knocked out their competition. Anyway, experience with her this time was not much different from our last visit. ...
No photo
30 December 2025
Phones:
 
+15713379340
Отзыв:
Booked through LC123 agency for 75 mins but session got cut off at hour. Might have been language barrier or B&S... Linda is the girl in pics but maybe 15 years ago...
No photo
30 December 2025
Phones:
 
+13173500754
Отзыв:
First time using DI, and it was a very easy process getting screened and setting up the appointment with Sam. Arrived at the hotel a few minutes before the scheduled time, texted the booker and quickly received a response with the room number. Sam opened the door wearing some panties and a small top. Pictures are accurate and she may even look better in person. We exchanged hellos as I stepped into the room. Others - don't hesitate to book with Sam. She really is amazing and will make your time with her worth it.
No photo
30 December 2025
Phones:
 
+17049079703
Отзыв:
Easy to communicate and off to the races
Terms of Use
PrivacyPolicy
Escort location
XXX
Contact / DMCA
ABDL
Adult Baby Minding
Adult Breastfeeding
Adult Friend Finder
Adultlook
Adultsearch
Anal Sex
Anulingus
Armpit Fetish
Asian Girls
ATM
AWO
Backpage
Ball Busting
BBW
BDSM
Bedpage
Big Tits
Bisexual
Blonde
Blowjob
Body Rubs
Body To Body
Bondage
Breast Sex
Breeding Kink
Brunette
Call Girls
Callescort
Cam Shows
Candle Play
Caning Fetish
Car Meets
CBT Kink
Chastity Kink
Cheap
CIM
Cityxguide
Clothing Fetish
COB
Cock And Ball Torture
COF
Collars Fetish
Couples Escort
Cowgirl
Craigslist
Crossdresser
Cuckquean Escort
Cunnilingus
Curvy
Degradation Kink
Dogging Escort
Doggy Style
Domination Fetish
DP
DSL
Eacorts
Ebony
Eccie
Electrical Play
Elite Model
Enema Fetish
Eros
Erotic Lactation
Erotic Massage
Erotic Monkey
Escor
Escort Alligator
Escort Babylon
Escort Index
Escortfish
Escorts Near Me
Escourt
Euroescort
European Girls
Excorts
Extra Balls
Facesitting
Female Escort
Femdom Cbt
Fetish Wear
Fikante
Fisting
Fitness Girls
Flogging Fetish
Foot Fetish
Forced Feminization
Full Service
Gang Bang
Garota Com Local
Gemidos
GFE
Golden Shower
Hair Fetish
Hair Sex
Happy Ending Massage
Heavyfetish
HJ
Hot Wax Play
Humiliation Fetish
Humiliation Kink
Impact Play Fetish
Incall
Independent Girls
Infantilism Fetish
Instagram Escort
Katoptronophilia
Kinky Lingerie
Kissing
Ladies De
Ladies Forum
Lady Boy
Latina Girls
Leolist
Lingerie Sex
Listcrawler
Live Escort Reviews
Martial Arts Fetish
Mask Kink
Masking Fetish
Massage Republic
Masturbation
Mature
MedFet
Mega Personal
Milking Fetish
Mirror Sex
Mistress
Muscle Girl
Nipple Torture Fetish
Niteflirt
Olfactophilia
Ourhome2
Outcall
Outdoor Sex
OWO
Party Girls
Period Play
Pet Play Fetish
Porn Star
Pregnant
Private Delights
Prostate Massage
Pussy Pumping
Rimming
Role Play
Rscorts
Rubmap
Rubrankings
Russian Girls
Scorts
Sensual Sensory Deprivation
Sex In Car
Sextpanther
Sexual Denigration
Sexy Shower
Shemale
Shibari
Sissification
Skipthegames
Slixa
Smell Sex
Spanking
Sploshing
Squirting
Strapon
Striptease
Sugar Baby
Sumosearch
SWO
Teabagging Fetish
Threesomes
Tickle Torture
Tie And Tease
Titjob
Tnaboard
Toe Licking
Toe Sucking
Trampling Fetish
Travel Escort
Trichophilia
Tryst Escort
Tryst Link
Ukranian Girls
Usasexguide
Verbal Humiliation
Video Filming Escort
VIP Girls
Voyeurism
Watersports Fetish
Whipping
Wrestling Escorts
Xdate
Yesbackpage
Albania
(986)
Tirana
(541)
Berat
(7)
Durres
(103)
Elbasan
(7)
Fier
(4)
Golem
(17)
Kryemedhej
(5)
Ksamil
(18)
Lezhe
(11)
Lushnje
(5)
Pogradec
(5)
Samaranda
(5)
Sarandë
(61)
Shengjin
(56)
Shkoder
(61)
Vlora
(70)
Dhërmi
(10)
Algeria
(9)
Algiers
(7)
Souk Ahras
(2)
Argentina
(63)
Buenos Aires
(46)
Córdoba
(6)
Rosario
(4)
Mar del Plata
(2)
Corrientes
(5)
Armenia
(151)
Yerevan
(146)
Gyumri
(5)
Australia
(1441)
Sydney
(395)
Melbourne
(299)
Brisbane
(194)
Adelaide
(150)
Canberra
(86)
Perth
(224)
Gold Coast
(93)
Austria
(3205)
Wien
(1673)
Graz
(291)
Innsbruck
(248)
Klagenfurt
(174)
Linz
(230)
Salzburg
(381)
Villach
(207)
Azerbaijan
(143)
Baku
(133)
Sumgayit
(5)
Ganja
(5)
Bahamas
(38)
Bahamas
(38)
Bahrain
(4016)
Manama
(3562)
Juffair
(423)
Al Riffa
(31)
Barbados
(80)
Barbados
(80)
Belgium
(3107)
Brussel
(842)
Antwerpen
(390)
Arlon
(112)
Aubange
(87)
Bruges
(236)
Charleroi
(405)
Gent
(272)
Hasselt
(148)
Leuven
(143)
Liege
(324)
Oostende
(150)
Bolivia
(17)
La Paz
(5)
El Alto
(3)
Cochabamba
(4)
Santa Cruz de la Sierra
(3)
Sucre
(2)
Brazil
(537)
Sao Paulo
(329)
Rio De Janeiro
(116)
Brasilia
(40)
Salvador
(10)
Fortaleza
(3)
Belo Horizonte
(3)
Manaus
(2)
Curitiba
(5)
Recife
(2)
Goiânia
(4)
Belém
(2)
Porto Alegre
(2)
Guarulhos
(5)
Campinas
(1)
São Luís
(2)
São Gonçalo
(2)
Maceió
(3)
Campo Grande
(2)
Natal
(2)
Teresina
(2)
Bulgaria
(409)
Sofia
(378)
Albena
(5)
Borovets
(4)
Burgas
(4)
Golden Sands
(4)
Plovdiv
(3)
Sunny Beach
(3)
Varna
(5)
Ruse
(3)
Cambodia
(74)
Phnom Penh
(71)
Ta Khmau
(1)
Battambang
(2)
Canada
(6154)
Calgary
(353)
Edmonton
(396)
Vancouver
(913)
Ottawa
(471)
Montreal
(1267)
Toronto
(1146)
Mississauga
(151)
Winnipeg
(153)
Hamilton
(182)
Quebec
(466)
Barrie
(103)
Brantford
(127)
Halifax
(126)
Kingston
(86)
London
(116)
Moncton
(101)
Chile
(18)
La Serena
(5)
Santiago de Chile
(10)
Vina del Mar
(3)
China
(1991)
Macau
(226)
Guangzhou
(134)
Shanghai
(227)
Beijing
(42)
Shenzhen
(187)
Nanjing
(15)
Chengdu
(83)
Hangzhou
(72)
Ningbo
(7)
Qingdao
(13)
Tianjin
(10)
Wuxi
(20)
Xian
(21)
Anshan
(10)
Baoding
(10)
Baotou
(10)
Benxi
(10)
Changchun
(11)
Changsha
(16)
Changzhou
(10)
Chaozhou
(10)
Chongqing
(30)
Cixi
(10)
Dalian
(15)
Daqing
(10)
Datong
(10)
Dongguan
(15)
Foshan
(24)
Fushun
(10)
Fuzhou
(12)
Ganzhou
(10)
Guiyang
(11)
Haikou
(10)
Handan
(10)
Harbin
(11)
Hefei
(10)
Hengyang
(10)
Huaian
(10)
Huainan
(10)
Huhehaote
(10)
Huizhou
(10)
Jiangmen
(10)
Jiangyin
(10)
Jieyang
(10)
Jilin
(10)
Jinan
(12)
Jinjiang
(10)
Kunming
(12)
Kunshan
(10)
Lanzhou
(11)
Linyi
(10)
Liuzhou
(10)
Luoyang
(10)
Maoming
(10)
Mianyang
(10)
Nanchang
(10)
Nanning
(10)
Nantong
(10)
Putian
(10)
Qiqihar
(10)
Quanzhou
(10)
Shantou
(10)
Shaoxing
(10)
Shenyang
(11)
Shijiazhuang
(10)
Suzhou
(77)
Taian
(10)
Taiyuan
(10)
Taizhou
(10)
Tangshan
(10)
Urumqi
(10)
Weifang
(10)
Weihai
(10)
Wenzhou
(11)
Wuhan
(19)
Wuhu
(10)
Xiamen
(11)
Xiangyang
(10)
Xining
(11)
Xuzhou
(11)
Yancheng
(10)
Yangzhou
(10)
Yantai
(10)
Yichang
(10)
Yinchuan
(10)
Zhangjiakou
(10)
Zhanjiang
(10)
Zhengzhou
(11)
Zhongshan
(10)
Zhuhai
(12)
Zhuzhou
(10)
Zibo
(10)
Colombia
(601)
Bogota
(121)
Medellin
(280)
Santiago de Cali
(77)
Barranquilla
(10)
Cartagena
(79)
Cúcuta
(23)
Pereira
(3)
Bello
(2)
Valledupar
(2)
Montería
(4)
Costa Rica
(25)
San José
(13)
Cartago
(3)
Limón
(5)
Alajuela
(4)
Croatia
(2329)
Rijeka
(212)
Split
(195)
Zadar
(132)
Zagreb
(665)
Porec
(106)
Dubrovnik
(208)
Bjelovar
(29)
Brač
(26)
Cakovec
(42)
Cres
(16)
Crikvenica
(21)
Hvar
(30)
Karlovac
(28)
Kaśtel Stari
(12)
Koprivnica
(14)
Korčula
(12)
Krizevci
(12)
Krk
(15)
Lastovo
(17)
Makarska
(26)
Malinska
(12)
Murter
(9)
Novalja
(40)
Novigrad
(13)
Opatija
(14)
Osijek
(79)
Pag
(9)
Požega
(12)
Pula
(70)
Rogoznica
(8)
Rovinj
(19)
Sesvete
(11)
Šibenik
(47)
Slavonski Brod
(22)
Trogir
(43)
Umag
(9)
Varazdin
(18)
Velika Gorica
(6)
Vinkovci
(8)
Virovitica
(14)
Viskovo
(8)
Vodice
(25)
Vukovar
(15)
Cuba
(11)
Havana
(4)
Camaguey
(2)
Holguin
(2)
Santa Clara
(3)
Cyprus
(846)
Ayia Napa
(146)
Ercan
(15)
Famagusta
(66)
Larnaca
(109)
Limassol
(241)
Nicosia
(141)
Paphos
(128)
Czech Republic
(1436)
Prague
(1184)
Brno
(96)
Ostrava
(16)
Pilsen
(35)
Rozvadov
(58)
Teplice
(13)
Liberec
(17)
Olomouc
(16)
Denmark
(930)
Aalborg
(40)
Aarhus
(63)
Copenhagen
(688)
Horsens
(35)
Kolding
(18)
Naestved
(21)
Odense
(43)
Zealand
(22)
Dominican Republic
(46)
Santo Domingo
(20)
Punta Cana
(17)
La Romana
(5)
Santiago Caballeros
(4)
Ecuador
(80)
Atacames
(2)
Guayaquil
(5)
Manta
(5)
Quito
(65)
Santiago de Guayaquil
(3)
Egypt
(917)
Cairo
(528)
Alexandria
(74)
Hurghada
(241)
Giza
(5)
Nasr City
(5)
El Shorouk
(5)
Zamalek
(4)
Heliopolis
(5)
Shubra El Kheima
(50)
Estonia
(338)
Tallinn
(224)
Tartu
(113)
Ethiopia
(23)
Addis Ababa
(23)
Finland
(1463)
Espoo
(127)
Helsinki
(842)
Jyvaskyla
(40)
Oulu
(72)
Pori
(38)
Rovaniemi
(52)
Tampere
(107)
Turku
(49)
Vantaa
(77)
Lahti
(59)
France
(21770)
Paris
(2896)
Nice
(1725)
Lyon
(1865)
Toulouse
(665)
Aix-En-Provence
(340)
Avignon
(427)
Bordeaux
(688)
Bourges
(110)
Brest
(307)
Biarritz
(159)
Cannes
(427)
Antibes
(209)
Dijon
(349)
Grenoble
(361)
Marseille
(851)
Montpellier
(435)
Mulhouse
(216)
Nantes
(348)
Lille
(502)
Saint Tropez
(157)
Strasbourg
(650)
Toulon
(245)
Valence
(149)
Haguenau
(68)
Colmar
(147)
Périgueux
(36)
Dax
(102)
Montluçon
(38)
Clermont Ferrand
(238)
Caen
(257)
Chalon sur Saône
(54)
Rennes
(204)
Lorient
(104)
Vannes
(75)
Pontivy
(25)
Orléans
(161)
Nogent
(26)
Reims
(169)
Besançon
(240)
Belfort
(129)
Evreux
(87)
Rouen
(208)
Évry
(44)
Corbeil-Essonnes
(75)
Massy
(28)
Savigny sur Orge
(30)
Grigny
(31)
Athis Mons
(45)
Boulogne-Billancourt
(113)
Nanterre
(46)
Courbevoie
(33)
Colombes
(33)
Asnières sur Seine
(40)
Clichy
(56)
Meudon
(32)
Puteaux
(22)
Neuilly-sur-Seine
(47)
Bagneux
(64)
Saint-Cloud
(37)
Issy-les-Moulineaux
(32)
Anthony
(46)
Meaux
(44)
Melun
(38)
Saint-Denis
(120)
Montreuil
(65)
Drancy
(46)
Aubervilliers
(146)
Épinay-sur-Seine
(39)
Noisy-le-Grand
(27)
Pantin
(23)
Bobigny
(66)
Courneuve
(29)
Stains
(27)
Bagnolet
(40)
Créteil
(94)
Vitry-sur-Seine
(100)
Champigny-Sur-Marne
(68)
Villejuif
(78)
Cachan
(31)
Nogent-sur-Marne
(21)
Vincennes
(81)
Argenteuil
(162)
Cergy
(76)
Sarcelles
(52)
Garages les Gonesse
(33)
Pontoise
(28)
Goussainville
(50)
Sannois
(25)
Ermont
(35)
Versailles
(127)
Sartrouville
(39)
Mante la Jolie
(32)
Poissy
(30)
Plaisir
(27)
Les Mureaux
(39)
Narbonne
(48)
Carcassonne
(135)
Limoux
(27)
Nîmes
(94)
Perpignan
(223)
Limoges
(165)
Nancy
(138)
Metz
(214)
Montauban
(69)
Roubaix
(94)
Calais
(149)
Poitiers
(96)
Niort
(37)
Monosque
(39)
Dignes les Bains
(27)
Sisteron
(42)
Briançon
(37)
Annecy
(322)
Annemasse
(248)
Saint Etienne
(189)
Roanne
(37)
Aix les Bains
(98)
Saint Nazaire
(1)
Georgia
(978)
Batumi
(99)
Borjomi
(5)
Kutaisi
(6)
Tbilisi
(868)
Germany
(12736)
Berlin
(1259)
Hamburg
(779)
Munich
(991)
Aachen
(262)
Augsburg
(424)
Baden-Baden
(232)
Bochum
(277)
Bonn
(254)
Bremen
(284)
Cologne
(540)
Dortmund
(433)
Dresden
(303)
Duisburg
(198)
Düsseldorf
(615)
Essen
(303)
Frankfurt
(980)
Freiburg im Breisgau
(168)
Giessen
(155)
Hannover
(314)
Heidelberg
(170)
Karlsruhe
(153)
Kassel
(166)
Kiel
(195)
Koblenz
(125)
Krefeld
(126)
Leipzig
(381)
Mainz
(214)
Mannheim
(177)
Munster
(131)
Nuremberg
(321)
Oberhausen
(123)
Regensburg
(125)
Reutlingen
(128)
Saarbrücken
(229)
Stuttgart
(523)
Ulm
(171)
Wiesbaden
(192)
Wuppertal
(144)
Würzburg
(173)
Ghana
(150)
Accra
(142)
Cape Coast
(2)
Kumasi
(2)
Sekondi Takoradi
(2)
Tema
(2)
Greece
(2378)
Athens
(505)
Thessaloniki
(319)
Agios Nikolaos
(70)
Agrinio
(69)
Alexandroupoli
(100)
Chania
(131)
Corinth
(51)
Heraklion
(141)
Ioannina
(43)
Katerini
(63)
Larisa
(46)
Loutrak
(50)
Mykonos
(205)
Piraeus
(88)
Rhodes
(123)
Santorini
(201)
Corfu
(98)
Crete
(75)
Hong Kong
(1780)
Hong Kong
(1780)
Hungary
(470)
Budapest
(434)
Debrecen
(22)
Szeged
(7)
Miskolc
(7)
Iceland
(94)
Reykjavik
(67)
Koupavogur
(12)
Akureyri
(15)
India
(28586)
Delhi
(2270)
Goa
(807)
Mumbai
(2560)
Ahmedabad
(414)
Bangalore
(917)
Chandigarh
(824)
Chennai
(1855)
Gurgaon
(952)
Hyderabad
(2193)
Jaipur
(528)
Kolkata
(1207)
Pune
(3450)
Surat
(503)
Udaipur
(182)
Amritsar
(73)
Bhubaneshwar
(86)
Coimbatore
(369)
Dehradun
(334)
Ghaziabad
(73)
Guwahati
(394)
Indore
(322)
Kochi
(721)
Lucknow
(406)
Nagpur
(302)
Navi Mumbai
(1045)
Noida
(849)
Pondicherry
(367)
Rajkot
(286)
Thane
(409)
Thiruvananthapuram
(220)
Vadodara
(215)
Visakhapatnam
(288)
Agra
(111)
Allahabad
(50)
Aurangabad
(126)
Bhopal
(223)
Dhanbad
(20)
Faridabad
(242)
Gwalior
(20)
Haora
(20)
Jabalpur
(20)
Jodhpur
(110)
Kalyan Dombivli
(187)
Kanpur
(122)
Kota
(66)
Ludhiana
(268)
Madurai
(124)
Meerut
(80)
Nashik
(243)
Patna
(164)
Pimpri Chinchwad
(50)
Raipur
(118)
Ranchi
(235)
Srinagar
(58)
Varanasi
(148)
Vasai Virar
(72)
Vijayawada
(238)
Bandar Lampung
(50)
Indonesia
(2140)
Bali
(611)
Jakarta
(878)
Bandung
(14)
Denpasar
(5)
Surabaya
(113)
Batam
(51)
Bekasi
(54)
Depok
(50)
Makasar
(50)
Medan
(64)
Palembang
(50)
Pekanbaru
(50)
Semarang
(50)
South Tangerang
(50)
Tangerang
(50)
Iraq
(506)
Baghdad
(84)
Erbil
(321)
Al Basrah
(51)
Al Mawsil
(50)
Ireland
(1553)
Dublin
(787)
Belfast
(153)
Athlone
(154)
Cork
(265)
Limerick
(194)
Israel
(690)
Tel Aviv
(362)
Ashdod
(20)
Bat Yam
(11)
Beersheba
(13)
Eilat
(40)
Haifa
(66)
Herzliya
(12)
Jaffa
(8)
Jerusalem
(140)
Netanya
(18)
Italy
(8746)
Roma
(1257)
Bari
(265)
Bergamo
(199)
Bologna
(348)
Brescia
(181)
Florence
(591)
Genoa
(168)
Milan
(1925)
Napoli
(409)
Padova
(119)
Palermo
(214)
Parma
(153)
Perugia
(109)
Pisa
(124)
Rimini
(151)
San Remo
(93)
Torino
(331)
Treviso
(110)
Trieste
(159)
Venezia
(311)
Verona
(197)
Vicenza
(130)
Agrigento
(10)
Alba Adriatica
(10)
Amalfi
(36)
Ancona
(24)
Arezzo
(26)
Ascoli Piceno
(5)
Asti
(10)
Benevento
(9)
Biella
(7)
Bolzano
(47)
Cagliari
(39)
Cannigione
(8)
Capri
(34)
Caserta
(13)
Castrovillari
(7)
Catania
(43)
Catanzaro
(8)
Como Lake
(62)
Cosenza
(11)
Cremona
(7)
Crotone
(6)
Cuneo
(12)
Desenzano del Garda
(20)
Domodossola
(7)
Dorgali
(8)
Elba
(6)
Empoli
(14)
Faenza
(7)
Fermo
(8)
Ferrara
(10)
Foggia
(12)
Forlì
(7)
Forte dei Marmi
(10)
Gallarate
(9)
Grosseto
(6)
Imperia
(7)
La Spezia
(28)
Lecce
(64)
Livorno
(28)
Macerata
(3)
Mantua
(6)
Messina
(12)
Modena
(30)
Montecatini Terme
(8)
Monza
(30)
Novara
(9)
Olbia
(32)
Pavia
(6)
Pesaro
(7)
Pescara
(11)
Peschiera del Garda
(7)
Piacenza
(7)
Pordenone
(9)
Porto Cervo
(16)
Portofino
(8)
Positano
(7)
Prato
(16)
Ravenna
(19)
Reggio Calabria
(18)
Reggio Emilia
(10)
Rovigo
(7)
Salerno
(18)
San Benedetto del Tronto
(8)
Sardinia
(10)
Savona
(11)
Siena
(14)
Sorrento
(10)
Stresa
(6)
Syracuse
(10)
Taranto
(11)
Terni
(6)
Trento
(35)
Udine
(44)
Varese
(14)
Velletri
(5)
Viareggio
(19)
Viterbo
(18)
Ivory Coast
(85)
Abidjan
(81)
Bouake
(2)
Daloa
(2)
Jamaica
(19)
Kingston
(5)
Mandeville
(2)
Montego Bay
(3)
Ocho Rios
(2)
Portmore
(2)
Runaway Bay
(2)
Spanish Town
(3)
Japan
(3101)
Tokyo
(1243)
Roppongi
(5)
Fukuoka
(60)
Hamamatsu
(11)
Hiroshima
(33)
Kawasaki
(50)
Kobe
(47)
Kyoto
(106)
Nagoya
(89)
Narita
(29)
Okinawa
(467)
Osaka
(462)
Saitama
(20)
Sapporo
(23)
Sendai
(10)
Shizuoka
(19)
Yokohama
(127)
Yokosuka
(301)
Jordan
(373)
Amman
(305)
Irbid
(21)
Az Zarqa
(4)
Aqaba
(43)
Kazakhstan
(41)
Aktau
(4)
Almaty
(20)
Astana | Nūr-Sūltan
(8)
Atyrau
(2)
Öskemen
(3)
Semey
(2)
Zhezkazgan
(2)
Kenya
(2407)
Eldoret
(23)
Malindi
(33)
Meru
(2)
Mombasa
(224)
Nairobi
(2079)
Nakuru
(33)
Thika
(13)
Korea
(705)
Seoul
(416)
Cheonan
(5)
Incheon
(27)
Myeongdong
(5)
Pusan
(52)
Pyeongtaek
(135)
Gwangju
(13)
Bucheon
(5)
Suwon
(11)
Daegu
(20)
Daejeon
(11)
Jeonju
(5)
Kuwait
(373)
Al Kuwait
(213)
Al Farwaniyah
(42)
Hawally
(37)
Mahboula
(33)
Salmiya
(48)
Latvia
(1081)
Riga
(951)
Liepaja
(78)
Jūrmala
(52)
Lebanon
(451)
Baabdat
(4)
Beirut
(424)
Bhamdoun
(5)
Jounieh
(7)
Kaslik
(4)
Tabarja
(4)
Zouk Mikael
(3)
Lithuania
(798)
Kaunas
(213)
Klaipeda
(208)
Vilnius
(376)
Luxembourg
(2010)
Luxembourg
(1238)
Esch-sur-Alzette
(113)
Messancy
(29)
Petange
(63)
Strassen
(44)
Differdange
(50)
Dudelange
(77)
Ettelbruck
(54)
Remich
(43)
Rumelange
(21)
Wiltz
(46)
Altwies
(16)
Bettembourg
(25)
Cessange
(18)
Clervaux
(23)
Gasperich
(20)
Junglinster
(13)
Kirchberg
(14)
Limpertsberg
(62)
Mondorf les Bains
(13)
Sandweiler
(15)
Steinfort
(14)
Malaysia
(1851)
Kuala Lumpur
(1423)
Ampang
(4)
Bangi
(4)
Bangsar
(4)
Banting
(4)
Bukit Bintang
(4)
Bukit Jalil
(5)
Cheras
(5)
Chinatown
(6)
Cyberjaya
(4)
Damansara
(4)
Genting
(5)
Genting Highland
(5)
Gombak
(6)
Jalan Duta
(4)
Jalan Ipoh
(4)
Jalan Pudu
(4)
Johor Bahru
(109)
Kajang
(5)
Kepong
(5)
Kl Sentral
(5)
Klang
(28)
Klang Lama
(5)
Klia
(4)
Kuala Selangor
(1)
Kuchai Lama
(4)
Malacca
(5)
Mid Valley
(5)
Mont Kiara
(5)
Nilai
(5)
Old Klang Road
(4)
Penang
(70)
Petaling Jaya
(4)
Puchong
(6)
Putrajaya
(5)
Rawang
(4)
Salak South
(5)
Selayang
(5)
Senawang
(2)
Sentul
(5)
Sepang
(5)
Seremban
(5)
Seri Kembangan
(5)
Setapak
(5)
Setia Alam
(4)
Shah Alam
(5)
Sri Petaling
(5)
Subang Jaya
(6)
Sungai Buloh
(5)
Sunway
(5)
Usj
(5)
Wangsa Maju
(5)
Maldives
(378)
Male
(8)
Viligili
(5)
Maldives
(365)
Malta
(1581)
Saint Julian
(1332)
Bugibba
(33)
Gzira
(37)
San Giljan
(38)
Sliema
(68)
Valletta
(73)
Mexico
(512)
Tijuana
(8)
Monterrey
(237)
Acapulco
(4)
Cabo San Lucas
(32)
Cancun
(30)
Guadalajara
(2)
México
(137)
Playa del Carmen
(7)
Puebla
(4)
Puerto Vallarta
(5)
Tulum
(3)
Ciudad Juárez
(3)
León
(2)
Zapopan
(2)
Nezahualcóyotl
(2)
Mexicali
(6)
Mérida
(3)
Ecatepec
(25)
Moldova
(14)
Kishinev
(6)
Beltsy
(8)
Monaco
(1106)
Monaco City
(210)
Monte Carlo
(896)
Montenegro
(294)
Budva
(109)
Herceg Novi
(5)
Podgorica
(167)
Ulcinj
(13)
Morocco
(587)
Agadir
(2)
Casablanca
(273)
El Jadida
(1)
Marrakech
(205)
Mohammedia
(1)
Rabat
(40)
Tangier
(12)
Temara
(1)
Fès
(52)
Nepal
(817)
Kathmandu
(806)
Pokhara
(5)
Patan
(3)
Lalitpur
(3)
Netherlands
(3179)
Amsterdam
(997)
Alkmaar
(130)
Almere
(79)
Amersfoort
(92)
Amstelveen
(71)
Den Haag
(207)
Eindhoven
(319)
Haarlem
(114)
Hoofddorp
(68)
Hoorn
(68)
Leiden
(97)
Rotterdam
(528)
Schiphol
(69)
Utrecht
(230)
Zandvoort
(109)
Nicaragua
(11)
Managua
(5)
Leon
(2)
Chinandega
(2)
Masaya
(2)
Nigeria
(498)
Lagos
(128)
Port Harcourt
(115)
Kano
(7)
Abuja
(77)
Ibadan
(38)
Kaduna
(5)
Onitsha
(5)
Benin City
(123)
Norway
(555)
Oslo
(293)
Alesund
(14)
Alta
(8)
Bergen
(84)
Drammen
(24)
Fredrikstad
(12)
Hamar
(7)
Haugesund
(9)
Kristiansand
(10)
Sandefjord
(5)
Stavanger
(23)
Tromsø
(26)
Trondheim
(28)
Tønsberg
(12)
Oman
(3037)
Muscat
(2227)
Al Maabilah
(4)
Barka
(25)
Ghubra
(5)
Nizwa
(49)
Salalah
(406)
Sohar
(317)
Suwaiq
(4)
Pakistan
(222)
Gujranwala
(3)
Islamabad
(17)
Karachi
(14)
Lahore
(19)
Faisalabad
(40)
Multan
(40)
Peshawar
(40)
Rawalpindi
(49)
Panama
(49)
Chiriquí
(3)
La Chorrera
(4)
Panama City
(37)
San José de David
(2)
Santiago
(3)
Paraguay
(12)
Asuncion
(5)
San Lorenzo
(2)
Luque
(3)
Lambaré
(2)
Peru
(17)
Chiclayo
(4)
Lima
(5)
Ariqipa
(3)
El Callao
(2)
Trujillo
(3)
Philippines
(3336)
Manila
(1853)
Makati
(644)
Quezon City
(70)
Davao
(168)
Malingao
(5)
Cebu City
(413)
Bohol
(3)
General Santos
(30)
Angeles City
(53)
Boracay
(47)
Caloocan
(50)
Poland
(2209)
Cracow
(231)
Gdańsk
(190)
Katowice
(159)
Poznan
(220)
Warsaw
(1171)
Wroclaw
(238)
Portugal
(3083)
Lisboa
(1108)
Albufeira
(148)
Algarve
(67)
Aveiro
(110)
Braga
(204)
Cascais
(100)
Coimbra
(133)
Faro
(99)
Gaia
(35)
Lagos
(86)
Madeira
(90)
Portimao
(99)
Porto
(430)
Praia da Luz
(32)
Quinta do Lago
(29)
Setubal
(140)
Sintra
(64)
Vale do Lobo
(28)
Vilamoura
(81)
Puerto Rico
(256)
Puerto Rico
(84)
San Juan
(159)
Bayamón
(5)
Ponce
(8)
Qatar
(3864)
Doha
(3813)
Al Rayyan
(33)
Dukhan
(4)
Mesaieed
(5)
Abu Samra
(5)
Ad Dahirah
(4)
Romania
(365)
Brasov
(54)
Bucharest
(247)
Cluj
(17)
Constanta
(30)
Sibiu
(17)
Saudi Arabia
(8910)
Riyadh
(4333)
Jeddah
(1481)
Dammam
(846)
Al Khobar
(375)
Tabuk
(158)
Medina
(231)
Mecca
(134)
Jizan
(21)
Abha
(76)
Jubail
(208)
Al Qatif
(28)
Al Hofuf
(236)
Buraidah
(221)
Duba
(1)
Ḥail
(123)
Khamis Mushait
(60)
Najran
(32)
Sakakah
(2)
Taif
(110)
Yanbu
(163)
Al Kharj
(31)
Al Bahah
(27)
Rabigh
(14)
Senegal
(162)
Ziguinchor
(2)
Dakar
(158)
Touba
(2)
Serbia
(333)
Belgrade
(306)
Kragujevac
(11)
Nis
(7)
Novi Sad
(9)
Singapore
(2562)
Singapore
(2548)
Geylang
(4)
Sentosa
(5)
Pulau Ubin
(5)
Slovakia
(367)
Banska Bystrica
(25)
Bratislava
(219)
Galanta
(38)
Kosice
(49)
Ružomberok
(18)
Zilina
(18)
Slovenia
(473)
Celje
(40)
Koper
(58)
Ljubljana
(198)
Maribor
(77)
Nova Gorica
(45)
Portoroz
(36)
Sentilj
(19)
South Africa
(1323)
Alberton
(2)
Bloemfontein
(31)
Cape Town
(262)
Durban
(175)
East London
(32)
Johannesburg
(544)
Pretoria
(113)
Rustenburg
(22)
Sandton
(2)
Port Elizabeth
(140)
Spain
(8010)
Madrid
(1766)
Alicante
(264)
Almeria
(177)
Barcelona
(1110)
Benalmadena
(125)
Benidorm
(237)
Bilbao
(312)
Fuengirola
(147)
Gibraltar
(128)
Girona
(169)
Granada
(188)
Ibiza
(373)
Lanzarote
(142)
Las Palmas de Gran Canaria
(242)
Malaga
(282)
Marbella
(261)
Palma de Mallorca
(302)
San Sebastian
(144)
Seville
(304)
Tarragona
(146)
Tenerife
(281)
Torrevieja
(168)
Valencia
(377)
Vigo
(159)
Zaragoza
(205)
Sri Lanka
(1244)
Colombo
(1242)
Galkissa
(2)
Sweden
(3326)
Stockholm
(1703)
Goteborg
(476)
Malmo
(1028)
Uppsala
(121)
Switzerland
(3304)
Zurich
(805)
Geneve
(503)
Basel
(254)
Bern
(301)
Lausanne
(385)
Lugano
(160)
Luzern
(247)
Montreux
(172)
Sankt Gallen
(153)
St. Moritz
(158)
Zermatt
(167)
Taiwan
(965)
Taipei
(716)
Gāoxióng
(4)
Táizhōng
(204)
Táinán
(41)
Thailand
(3526)
Bangkok
(738)
Phuket
(1254)
Pattaya
(1151)
Chiang Mai
(207)
Ko Samui
(156)
Udon Thani
(20)
Turkey
(2497)
Istanbul
(1973)
Ankara
(98)
Antalya
(124)
Bodrum
(34)
Bursa
(24)
Izmir
(46)
Marmaris
(31)
Adana
(11)
Aliaga
(1)
Gaziantep
(3)
Göcek
(2)
Kayseri
(18)
Konya
(24)
Sakarya
(1)
Yalova
(2)
Alanya
(5)
İzmit
(50)
Urfa
(50)
UAE
(17166)
Dubai
(15184)
Abu Dhabi
(753)
Ajman
(291)
Al Ain
(113)
Fujairah
(139)
Sharjah
(444)
Ras Al Khaimah
(242)
Uganda
(307)
Gulu
(3)
Kampala
(304)
UK
(4491)
London
(1708)
Birmingham
(317)
Aberdeen
(90)
Bedford
(91)
Belfast
(109)
Bolton
(65)
Bournemouth
(70)
Brighton
(90)
Bristol
(93)
Cambridge
(79)
Cardiff
(80)
Chelmsford
(25)
Chester
(49)
Coventry
(69)
Derbyshire
(41)
Edinburgh
(114)
Essex
(60)
Glasgow
(134)
Guildford
(36)
Heathrow
(22)
Kent
(30)
Leeds
(79)
Leicester
(65)
Liverpool
(153)
Luton
(50)
Manchester
(296)
Newcastle
(81)
Nottingham
(101)
Oxford
(81)
Portsmouth
(60)
Sheffield
(73)
York
(36)
Yorkshire
(25)
New Hampshire
(15)
Ukraine
(178)
Dnipro
(5)
Kharkov
(5)
Kiev
(162)
Odessa
(6)
Uruguay
(10)
Montevideo
(6)
Salto
(4)
USA
(117428)
New York
(3912)
Chicago
(3111)
Miami
(3105)
Philadelphia
(2653)
Washington DC
(2574)
Los Angeles
(3044)
Las Vegas
(3094)
Boston
(1348)
San Francisco
(2105)
Houston
(2711)
Hartford
(105)
Oakland
(121)
Salt Lake City
(847)
Honolulu
(712)
New Orleans
(514)
Tampa
(1688)
Orlando
(1385)
San Antonio
(2514)
Dallas
(2600)
Phoenix
(1682)
Columbus, Oh
(455)
Atlanta
(1297)
Indianapolis
(1104)
Stamford
(108)
San Jose
(1785)
San Diego
(1996)
Jacksonville
(453)
Seattle
(2247)
Sacramento
(882)
Cleveland
(412)
Denver
(1816)
Anchorage
(115)
Tucson
(200)
Yuma
(80)
Little Rock
(94)
Chico
(85)
Fresno
(1696)
Long Beach
(227)
Monterey
(30)
Palm Springs
(74)
Santa Barbara
(57)
Santa Cruz
(56)
Stockton
(92)
Boulder
(57)
Colorado Springs
(376)
Fort Collins
(95)
Pueblo
(32)
Rockies
(23)
Western Slope
(40)
Ventura
(53)
Susanville
(27)
Visalia
(56)
Bridgeport
(54)
Eastern Connecticut
(44)
New Haven
(65)
Northwest Connecticut
(33)
Northern Virginia
(111)
Southern Maryland
(46)
Daytona
(109)
Fort Lauderdale
(1401)
Fort Myers
(193)
Lakeland
(82)
Tallahassee
(83)
West Palm Beach
(1176)
Okaloosa
(25)
Savannah
(89)
Augusta
(114)
Maui
(80)
Grand Rapids
(122)
Flint
(44)
Detroit
(989)
Worcester
(89)
Cape Cod
(50)
Baltimore
(899)
Lake Charles
(42)
Baton Rouge
(131)
Louisville
(573)
Wichita
(96)
Des Moines
(140)
South Bend
(23)
Boise
(416)
Minneapolis
(476)
Kansas City
(335)
Omaha
(181)
Reno
(989)
Central Jersey
(171)
Jersey Shore
(74)
North Jersey
(126)
South Jersey
(60)
Albuquerque
(301)
Carlsbad
(68)
Albany
(208)
Buffalo
(245)
Hudson Valley
(40)
Staten Island
(85)
Westchester
(59)
Brooklyn
(981)
Manhattan
(2406)
Long Island
(1118)
Queens
(134)
Rochester
(180)
Charlotte
(1829)
Oklahoma City
(658)
Tulsa
(296)
Portland
(581)
Pittsburgh
(1058)
Nashville
(2172)
Austin
(729)
El Paso
(308)
Fort Worth
(257)
Mcallen
(76)
Odessa
(90)
Richmond
(598)
Tacoma
(157)
Milwaukee
(257)
Bronx
(195)
Yonkers
(54)
Greenwich Village
(41)
Soho
(38)
Syracuse
(71)
Schenectady
(24)
Utica
(31)
Troy
(15)
Binghamton
(66)
Bel Air
(81)
Beverly Hills
(210)
Calabasas
(90)
Hollywood
(123)
Malibu
(66)
Marina Del Rey
(62)
Santa Monica
(107)
Orange County
(1627)
Anaheim
(158)
Huntington Beach
(61)
Irvine
(98)
Laguna Beach
(34)
Lake Forest
(60)
Newport Beach
(60)
Coronado
(53)
Del Mar
(55)
La Jolla
(64)
Mission Bay
(20)
Torrey Pines
(10)
San Fernando Valley
(1138)
Venice
(25)
Inland Empire
(1099)
Century City
(26)
South Bay
(1069)
The Strip
(39)
Spring Valley
(52)
Paradise
(33)
Henderson
(60)
Sunrise Manor
(19)
The Keys
(19)
Coral Springs
(80)
Delray Beach
(80)
Pompano Beach
(59)
Boca Raton
(145)
Naples
(1599)
Lehigh Acres
(66)
Cape Coral
(124)
Bonita Springs
(80)
Fairfield
(45)
Waterbury
(35)
Lodi
(26)
Woodland
(51)
Davis
(46)
Yuba City
(66)
Rocklin
(16)
Roseville
(39)
Elk Grove
(28)
Folsom
(27)
Vista
(12)
El Cajon
(45)
Chula Vista
(65)
Encinitas
(31)
Escondido
(72)
Oceanside
(59)
North County
(11)
Tri-Valley
(14)
Berkeley
(92)
Peninsula
(20)
North Bay
(890)
East Bay
(1093)
San Luis Obispo
(28)
Central Valley
(1081)
Saratoga
(44)
Cupertino
(35)
Menlo Park
(20)
Campbell
(58)
Mountain View
(34)
Los Gatos
(31)
Milpitas
(29)
Sunnyvale
(40)
Santa Clara
(63)
Palo Alto
(41)
Buckhead
(22)
Marietta
(49)
Dunwoody
(32)
Roswell
(22)
Sandy Springs
(27)
Athens
(88)
Macon
(25)
New Jersey
(3555)
Newark
(224)
Edison
(42)
Clifton
(50)
Elizabeth
(71)
Paterson
(39)
Cherry Hill
(73)
Trenton
(60)
Atlantic City
(283)
Camden
(52)
Plano
(37)
Arlington
(148)
Carrollton
(42)
Richardson
(19)
Denton
(28)
Waco
(39)
Wichita Falls
(54)
Galleria
(21)
Sugar Land
(27)
Galveston
(37)
Pasadena
(66)
Baytown
(102)
Beaumont
(62)
Bryan
(22)
Corpus Christi
(88)
Bellevue
(91)
Kirkland
(70)
Redmond
(28)
Everett
(57)
Kent
(28)
Bellingham
(54)
Olympia
(21)
Spokane
(85)
Yakima
(54)
Tysons Corner
(27)
Alexandria, VA
(203)
Dupont Circle
(28)
Fairfax
(66)
Silver Spring
(23)
Bethesda
(69)
Georgetown
(78)
Rockville
(30)
Reston
(22)
Adams Morgan
(55)
Chinatown
(46)
Penn Quarter
(15)
Union Station
(13)
Germantown
(24)
Flagstaff
(57)
Peoria
(35)
Glendale
(79)
Gilbert
(28)
Mesa
(106)
Chandler
(56)
Tempe
(53)
Scottsdale
(63)
Bentonville
(57)
Fayetteville
(100)
Thornton
(40)
Aspen
(104)
Centennial
(28)
Lakewood
(71)
Longmont
(21)
Arvada
(42)
Highlands Ranch
(17)
Westminster
(39)
Aurora
(148)
Danbury
(58)
Wilmington
(335)
Dover
(47)
Middleton
(17)
Gainesville
(103)
Pensacola
(57)
Ocala
(66)
Sarasota
(115)
Clearwater
(147)
Palm Bay
(42)
St. Petersburg
(71)
Meridian
(16)
Nampa
(66)
Caldwell
(30)
Idaho Falls
(196)
Pocatello
(30)
O'Hare
(14)
Schaumburg
(35)
Naperville
(57)
Elgin
(48)
Waukegan
(39)
Joliet
(72)
Springfield
(112)
Decatur
(55)
Rockford
(37)
Bloomington
(68)
Fort Wayne
(113)
Anderson
(71)
Lafayette
(109)
Evansville
(69)
Gary
(20)
Hammond
(30)
Muncie
(17)
Davenport
(82)
Cedar Rapids
(64)
Waterloo
(34)
Council Bluffs
(25)
Ames
(61)
Dubuque
(24)
Iowa city
(172)
Olathe
(25)
Topeka
(37)
Lawrence
(23)
Shawnee
(22)
Lexington
(83)
Bowling Green
(45)
Owensboro
(27)
French Quarter
(23)
Kenner
(24)
Shreveport
(35)
Monroe
(30)
Lewiston
(16)
Bangor
(37)
Auburn
(57)
BWI
(25)
Inner Harbor
(12)
Columbia
(46)
Annapolis
(100)
Bowie
(23)
Dundalk
(25)
Glen Burnie
(20)
Hagerstown
(23)
Salisbury
(35)
Towson
(20)
Back Bay
(39)
Lowell
(43)
Martha's Vineyard
(27)
New Bedford
(30)
Fall River
(43)
Burlington
(61)
Southfield
(12)
Livonia
(26)
Ann Arbor
(79)
Warren
(21)
Sterling Heights
(18)
Dearborn
(36)
Clinton
(52)
Lansing
(31)
Kalamazoo
(46)
St. Paul
(28)
Eagan
(27)
Eden Prairie
(22)
Plymouth
(29)
Duluth
(44)
Biloxi
(82)
Jackson
(53)
Gulfport
(30)
Hattiesburg
(37)
Southaven
(17)
Tupelo
(13)
St. Louis
(336)
Chesterfield
(48)
St. Peters
(16)
Billings
(77)
Missoula
(72)
Great Falls
(11)
Bozeman
(75)
Butte
(21)
Helena
(25)
Lincoln
(50)
Sparks
(18)
Truckee
(20)
Carson City
(92)
Tahoe City
(22)
Sun Valley
(10)
Nashua
(21)
Concord
(98)
Kerry
(14)
Santa Fe
(82)
Las Cruces
(29)
Rio Rancho
(14)
Raleigh
(187)
Durham
(65)
Greensboro
(103)
Charleston
(183)
Greenville
(129)
Chapel Hill
(54)
Asheville
(140)
Fargo
(75)
Bismarck
(66)
Grand Forks
(17)
Minot
(20)
West Fargo
(48)
Williston
(46)
Cincinnati
(750)
Dayton
(124)
Akron
(123)
Toledo
(65)
Canton
(28)
Parma
(17)
Youngstown
(30)
Norman
(16)
Lawton
(21)
Broken Arrow
(22)
Salem
(86)
Beaverton
(72)
Eugene
(54)
Hillsboro
(30)
Medford
(58)
Gresham
(17)
Bend
(41)
Erie
(77)
Carolina
(214)
Caguas
(29)
Warwick
(23)
Providence
(410)
Cranston
(31)
Newport
(23)
Pawtucket
(19)
Woonsocket
(39)
Myrtle Beach
(102)
Winston-Salem
(61)
Sioux Falls
(82)
Rapid City
(28)
Brookings
(21)
Watertown
(42)
Memphis
(216)
Covington
(49)
Murfreesboro
(75)
Clarksville
(65)
Knoxville
(332)
Chattanooga
(138)
Johnson City
(25)
Temple
(16)
Victoria
(12)
Park City
(48)
Ogden
(20)
Provo
(25)
Orem
(24)
West Jordan
(35)
West Valley city
(42)
Sandy
(17)
Taylorsville
(21)
Layton
(11)
St. George
(28)
Vermont
(61)
Rutland
(19)
Barre
(27)
Montpelier
(16)
Chesapeake
(41)
Norfolk
(44)
Hampton
(32)
Newport News
(17)
Portsmouth
(23)
Roanoke
(30)
Morgantown
(12)
Parkersburg
(16)
Wheeling
(35)
Madison
(115)
Green Bay
(64)
Kenosha
(33)
Racine
(17)
Waukesha
(28)
Appleton
(92)
Janesville
(67)
La Crosse
(23)
Oshkosh
(26)
Eau Claire
(37)
Cheyenne
(36)
Casper
(30)
Laramie
(17)
Gillette
(21)
Rock Springs
(18)
Sheridan
(13)
Green River
(18)
Evanston
(57)
Jersey City
(156)
Amarillo
(95)
Brownsville
(76)
San Mateo
(36)
Wilmington, NC
(81)
Scranton
(34)
Columbus, GA
(137)
Modesto
(61)
Allentown
(80)
Lubbock
(71)
Arkansas
(249)
Bakersfield
(175)
Maine
(103)
Killeen
(62)
Victorville
(35)
Harrisburg
(91)
Palmdale
(34)
Brockton
(53)
Tyler
(35)
Redding
(34)
Charlottesville
(93)
San Gabriel Valley
(48)
West Virginia
(107)
Virginia Beach
(178)
Fredericksburg
(40)
College Station
(39)
Santa Rosa
(43)
Huntsville
(51)
Lancaster
(56)
Salinas
(22)
Abilene
(82)
Montgomery
(31)
Santa Maria
(20)
Texarkana
(37)
Laredo
(22)
Alabama
(387)
Fairbanks
(30)
Riverside
(51)
Longview
(24)
Destin
(22)
Terre Haute
(15)
Tuscaloosa
(25)
Bradenton
(31)
Fort Smith
(14)
Lynchburg
(28)
St. Cloud
(18)
Ontario
(27)
Space Coast
(18)
Oxnard
(32)
Woodbridge
(28)
Wyoming
(96)
Hilton Head
(29)
Venezuela
(14)
Caracas
(6)
Maracaibo
(2)
Valencia
(5)
Barquisimeto
(1)
Vietnam
(828)
Ho Chi Minh
(210)
Hanoi
(207)
Da Nang
(199)
Nha Trang
(30)
Cam Ranh
(5)
Biên Hòa
(50)
Cần Thơ
(52)
Hải Phòng
(75)
Telegram
Twitter
Enter ONLY if you are over 18

These sites contain sexually explicit material.

CONTINUE
or leave the site

* This website is a platform for user submitted Advertisements, which we present for informational purposes only. We do not take any responsibility for the content of the Adverts. We are not an escort agency.