World weather ⋆ Accurate weather forecast today online ≡ Current temperatures | METEOPROG Meteoprog .com Donongdong Weather in Weather Widgets EN Deutsch English Español Français Hrvatski Indonesia Latviešu Lietuvių Magyar Nederlands O'zbek Português Polski Română Slovenský Suomi Svenska Türkçe Čeština Ελληνική Български Српски Русский Українська عربي 汉语 WEATHER Countries list MAPS Water temperature Weather on a map Weather Widget Crypto Exchanges Language MOBILE VERSION EN Deutsch English Español Français Hrvatski Indonesia Latviešu Lietuvių Magyar Nederlands O'zbek Português Polski Română Slovenský Suomi Svenska Türkçe Čeština Ελληνική Български Српски Русский Українська عربي 汉语 Detect Geolocation  (GPS) Recently viewed locations Today Donongdong Currently in Donongdong 11:51 - 1 January, Thursday -6°C Night -9° Morning -8° Day -5° Evening -6° Feels Like -10°C Variable cloud, no precipitation Detailed forecast World weather Argentina Buenos Aires , Córdoba , Rosario , San Miguel de Tucuman , La Plata , Mar del Plata , Salta , Santa Fe de la Vera Cruz , Corrientes , San Juan and more 159 Austria Vienna , Graz , Linz , Salzburg , Innsbruck , Klagenfurt , Villach , Wels , Dornbirn , Steyr and more 186 Brazil Sao Paulo , Salvador , Rio de Janeiro , Brasília , Fortaleza , Belo Horizonte , Curitiba , Kurytyba , Recife , Londrina and more 1939 Bulgaria Sofia , Plovdiv , Varna , Burgas , Ruse , Stara Zagora , Pleven , Sliven , Haskovo , Dobrich and more 74 Canada Toronto , Montreal , Vancouver , Calgary , Edmonton , Ottawa , Winnipeg , Edmundston , Hamilton , Mississauga and more 486 Czech Republic Prague , Brno , Ostrava , Plzen , Liberec , Olomouc , Ceske Budejovice , Usti nad Labem , Hradec Kralove , Pardubice and more 162 Denmark Copenhagen , Arhus , Alborg , Odense , Vejle , Esbjerg , Randers , Viborg , Silkeborg , Kolding and more 140 France Paris , Ile-de-France , Marseille , Lyon , Toulouse , Nice , Nantes , Montpellier , Strasbourg , Bordeaux and more 1198 Germany Berlin , Hamburg , Munich , Cologne , Frankfurt am Main , Stuttgart , Dusseldorf , Leipzig , Essen , Dortmund and more 928 Greece Athens , Thessaloniki , Patras , Iraklion , Piraeus , Larissa , Volos , Ioannina , Chania , Acharnes and more 200 Hungary Budapest , Debrecen , Szeged , Pecs , Miskolc , Gyor , Nyiregyhaza , Kecskemet , Szekesfehervar , Szombathely and more 963 India Mumbai , Delhi , Bangalore , Hyderabad , Ahmedabad , Bengalooru , Madras , Kolkata , Surat , New Delhi and more 1961 Indonesia Jakarta , Surabaya , Bandung , Medan , Palembang , Semarang , Makassar , Bogor , Pekanbaru , Padang and more 59 Israel Jerusalem , Tel Aviv , Hajfa , Rishon Lezion , Petah Tikva , Ashdod , Netanya , Beersheba , Bnei Brak , Holon and more 121 Italy Rome , Milan , Napoli , Turin , Palermo , Genoa , Bologna , Florence , Bari , Catania and more 907 Kazakhstan Almaty , Astana , Spetsgorodok , Shymkent , Aktobe , Karaganda , Taraz , Kyzylorda , Semey , Atyrau and more 1470 Latvia Riga , Daugavpils , Liepaja , Jelgava , Jurmala , Ventspils , Rezekne , Jekabpils , Valmiera , Ogre and more 96 Lithuania Vilnius , Kaunas , Klaipeda , Siauliai , Panevezys , Alytus , Mazeikiai , Marijampole , Kedainiai , Ukmerge and more 100 Mexico Mexico City , Iztapalapa , Tijuana , Puebla , Ecatepec , Santiago de Querétaro , Leon , Ciudad Juarez , Guadalajara , Ciudad Nezahualcoyotl and more 1838 Moldova Chisinau , Tiraspol , Balti , Bendery , Rybnitsa , Kagul , Ungheni , Soroki , Orhei , Dubasari and more 892 Netherlands Amsterdam , Rotterdam , Haga , Haarlem , Utrecht , Amersfoort , Dordrecht , Heerlen , Groningen , Eindhoven and more 180 Norway Oslo , Bergen , Trondheim , Stavanger , Drammen , Kristiansand , Sandnes , Fredrikstad , Tromso , Ålesund and more 150 Poland Warsaw , Krakow , Lodz , Wroclaw , Poznan , Gdansk , Szczecin , Bydgoszcz , Lublin , Katowice and more 35803 Portugal Lisbon , Porto , Cascais , Braga , Amadora , Matosinhos , Guimaraes , Coimbra , Leiria , Barcelos and more 220 Romania Bucharest , Iasi , Cluj-Napoca , Constanta , Timisoara , Craiova , Galati , Brashov , Ploiesti , Braila and more 216 Serbia Beograd , Novi Sad , Prishtina , Kragujevac , Nish , Zemun , Subotica , Cacak , Novi Pazar , Valevo and more 143 Slovakia Bratislava , Kosice , Presov , Nitra , Zilina , Banska Bystrica , Trnava , Trencin , Poprad , Martin and more 137 Slovenia Ljubljana , Maribor , Kran , Cele , Koper , Velenje , Novo Mesto , Ptuj , Rasnov , Kamnik and more 43 Spain Madrid , Barcelona , A Coruna , Valencia , Sevilla , Zaragoza , Malaga , Murcia , Palma de Mallorca , Las Palmas de Gran Canaria and more 743 Sweden Stockholm , Gothenburg , Malmo , Uppsala , Orebro , Sollentuna , Norrkoping , Umea , Vasteras , Kista and more 131 Switzerland Zurich , Geneva , Basel , Lausanne , Bern , Winterthur , Lucerne , Sankt Gallen , Lugano , Biel and more 292 Turkey İstanbul , Ankara , İzmir , Bursa , Konya , Adana , Sanliurfa , Gaziantep , Kocaeli , Mercin and more 478 Ukraine Kyiv , Kharkiv , Donetsk , Odesa , Dnipro , Zaporizhzhia , Lviv , Krivyi Rih , Mikolaiv , Sevastopol and more 22496 United Kingdom London , Birmingham , Liverpool , Sheffield , Glasgow , Bristol , Manchester , Leeds , Leicester , Edinburgh and more 516 United States New York , Los Angeles , Chicago , Houston , Phoenix , Philadelphia , San Antonio , San Diego , Dallas , San Jose and more 2189 Uzbekistan Toshkent , Namangan , Samarkand , Andzhan , Fergana , Nukus , Bukhara , Qarshi , Qo`qon , Marg`ilon and more 510 World Countries Catalog Africa Asia Australia Central America Europe North America South America West-India Africa Algeria Angola Benin Botswana Burkina Faso Burundi Cameroon Cape Verde Central African Republic Chad Congo Congo, The Democratic Republic Cote d'Ivoire Djibouti Egypt Equatorial Guinea Eritrea Ethiopia Gabon Gambia Ghana Guinea Guinea-Bissau Kenya Lesotho Liberia Libyan Arab Jamahiriya Madagascar Malawi Mali Mauritania Morocco Mozambique Namibia Niger Nigeria Rwanda Sao Tome And Principe Senegal Seychelles Sierra Leone Somalia South Africa Sudan Swaziland Tanzania, United Republic Togo Tunisia Uganda Zambia Zimbabwe Asia Afghanistan Armenia Azerbaijan Bahrain Bangladesh Bhutan Brunei Burma Cambodia China Georgia India Indonesia Iran, Islamic Republic Iraq Israel Japan Jordan Kazakhstan Korea, Democratic People's Republic Korea, Republic Kuwait Kyrgyzstan Lao People's Democratic Republic Lebanon Malaysia Maldives Mongolia Nepal Oman Pakistan Philippines Qatar Republic of Fiji Russia Saudi Arabia Singapore Sri Lanka Syrian Arab Republic Tajikistan Thailand Turkmenistan United Arab Emirates Uzbekistan Vietnam Yemen Australia Australia New Zealand Papua New Guinea Central America Belize Costa Rica El Salvador Guatemala Honduras Nicaragua Panama The Bahamas United States Virgin Islands Europe Albania Andorra Austria Belarus Belgium Bosnia And Herzegovina Bulgaria Croatia Cyprus Czech Republic Denmark Estonia Finland France Germany Greece Hungary Iceland Ireland Italy Latvia Liechtenstein Lithuania Luxembourg Macedonia Malta Moldova Monaco Montenegro Netherlands Norway Poland Portugal Romania San Marino Serbia Slovakia Slovenia Spain Sweden Switzerland Turkey Ukraine United Kingdom Vatican North America Canada Mexico United States South America Argentina Bolivia Brazil Chile Colombia Ecuador Guiana Guyana Paraguay Peru Suriname Uruguay Venezuela West-India Barbados Cuba Dominica Dominican Republic Grenada Haiti Jamaica Puerto Rico Trinidad And Tobago Forecast in other regions World Ankara -5° Athens +3° Beijing -3° Berlin +3° Bogota +10° Brasília +21° Bucharest -3° Budapest -1° Buenos Aires +30° Kyiv -10° London +1° Madrid +3° Mexico City +16° Minsk -14° New Delhi +13° Paris 0° Rome +3° Toshkent +2° Vienna 0° Warsaw -5° All cities Donongdong Today Meteoprog .com About us Services Weather Widgets Weather API Legal information User Agreement Legal information Privacy policy Editorial policy Refund policy API pricing Our projects Pogoda w Polsce Crypto Exchanges All rights reserved. Hyperlink to Meteoprog.com is required when using materials from the site. Use of photo materials of the site without written permission is prohibited. The editorial staff of the project may not share the opinion of the authors and is not responsible for copyrighted materials. © Meteoprog.com 2003-2026 Change Cookie Preferences MOBILE VERSION EN Deutsch English Español Français Hrvatski Indonesia Latviešu Lietuvių Magyar Nederlands O'zbek Português Polski Română Slovenský Suomi Svenska Türkçe Čeština Ελληνική Български Српски Русский Українська عربي 汉语