Massage parlor reviews. us states Alabama (282) Adamsville (1) Alabaster (6) Anniston (3) Athens (4) Auburn (11) Birmingham (46) Boaz (3) Calera (1) Chelsea (1) Cullman (1) Daphne (8) Decatur (6) Demopolis (1) Dothan (8) Elkmont (1) Elkton (1) Enterprise (5) Eufaula (3) Florence (6) Foley (4) Gulf Shores (2) Harvest (1) Homewood (2) Hoover (10) Huntsville (43) Laceys Spring (1) Livingston (1) Madison (11) Millbrook (1) Mobile (20) Montgomery (21) Mountain Brook (1) Opelika (5) Oxford (3) Ozark (2) Pelham (3) Phenix City (5) Prattville (5) Robertsdale (1) Saraland (1) Semmes (1) Talladega (1) Theodore (1) Trussville (4) Tuscaloosa (7) Vestavia Hills (8) Wetumpka (1) Alaska (75) Anchorage (56) Clam Gulch (4) Fairbanks (6) Ketchikan (1) North Pole (1) Wasilla (7) Arizona (967) Ahwatukee (5) Arizona City (1) Avondale (5) Buckeye (4) Bullhead City (2) Casa Grande (2) Catalina (1) Cave Creek (1) Chandler (53) Cottonwood (2) Flagstaff (12) Fort Mohave (4) Fountain Hills (4) Gilbert (34) Glendale (114) Golden Valley (1) Goodyear (8) Kingman (4) Lake Havasu City (3) Litchfield Park (2) Maricopa (1) Mesa (167) Nogales (2) Oro Valley (4) Peoria (19) Phoenix (128) Prescott (13) Prescott Valley (6) Safford (1) San Tan Valley (2) Scottsdale (112) Sedona (6) Sierra Vista (1) Sun City (33) Sun City West (3) Surprise (8) Tempe (40) Tolleson (1) Tucson (116) Winslow (1) Youngtown (4) Yuma (37) Arkansas (184) Bella Vista (1) Benton (5) Bentonville (15) Blytheville (1) Bryant (2) Cabot (2) Conway (8) Fairfield Bay (1) Fayetteville (11) Fort Smith (17) Hardy (1) Hot Springs (20) Hot Springs National Park (1) Jacksonville (2) Jonesboro (7) Lake Hamilton (1) Little Rock (39) Lonoke (1) Lowell (3) North Little Rock (8) Pine Bluff (1) Rogers (11) Russellville (1) Searcy (1) Sherwood (1) Siloam Springs (2) Springdale (18) Stuttgart (1) White Hall (2) California (10594) Northern California East Bay Area Alameda (6) Alamo (1) Albany (8) Antioch (30) Benicia (11) Berkeley (30) Brentwood (15) Castro Valley (13) Clayton (1) Concord (40) Danville (13) Dublin (24) El Cerrito (18) Emeryville (4) Felton (2) Fremont (37) Hayward (46) Hercules (2) Lafayette (9) Livermore (31) Martinez (4) Moraga (3) Newark (10) Oakland (115) Oakley (1) Orinda (2) Pinole (11) Pittsburg (7) Placerville (4) Pleasant Hill (33) Pleasanton (39) Richmond (6) Rolling Hills Estates (1) San Leandro (29) San Lorenzo (6) San Pablo (2) San Pedro (20) San Ramon (22) Signal Hill (4) Taft (2) Union City (12) Walnut Creek (47) West Sacramento (12) North Bay Area American Canyon (1) Fairfield (22) Mill Valley (6) Napa (16) Novato (11) Petaluma (22) Rohnert Park (15) San Rafael (45) Santa Rosa (57) Sausalito (2) Suisun City (6) Vacaville (23) Vallejo (38) Other City - Northern CA Anderson (2) Aptos (3) Arcata (2) Auburn (12) Burney (1) Carmichael (29) Chico (58) Citrus Heights (50) Clearlake (1) Cotati (4) Davis (7) El Dorado Hills (7) Elk Grove (30) Eureka (8) Fair Oaks (29) Folsom (31) Fortuna (4) Galt (1) Half Moon Bay (5) Healdsburg (1) Hollister (5) Jackson (2) Kings Beach (1) Larkspur (1) Lincoln (1) Marysville (4) Monterey (34) Morgan Hill (21) Nevada City (1) Oakdale (6) Orangevale (12) Pacific Grove (2) Penngrove (2) Pollock Pines (2) Red Bluff (3) Redding (74) Rocklin (27) Roseville (64) Santa Cruz (27) Scotts Valley (6) Seaside (6) Sierra Madre (3) Sonoma (4) Sonora (1) Soquel (4) South Pasadena (4) Tahoe City (1) Truckee (1) Ukiah (7) Watsonville (5) Willits (1) Woodland (13) Yreka (2) Yuba City (15) Peninsula Belmont (14) Brawley (1) Brisbane (1) Burlingame (11) Cudahy (2) Daly City (7) Escalon (3) Foster City (3) Lockeford (1) Menlo Park (6) Millbrae (13) Pacifica (3) Palo Alto (17) Paramount (2) Pico Rivera (10) Redwood City (33) San Bruno (11) San Carlos (13) San Mateo (44) South Gate (5) South San Francisco (3) Sacramento Sacramento (300) San Francisco San Francisco (194) South Bay Area Campbell (33) Cupertino (48) El Sobrante (8) Gilroy (12) Los Altos (10) Los Gatos (15) Milpitas (42) Mountain View (44) San Jose (576) Santa Clara (47) Saratoga (16) Sunnyvale (46) Central California Central Coast CA Arroyo Grande (4) Atascadero (6) Cameron Park (6) Carmel (3) Goleta (12) Grass Valley (3) Lompoc (6) Marina (1) Morro Bay (5) Nipomo (5) Paso Robles (13) Pismo Beach (5) Salinas (33) San Luis Obispo (10) Santa Barbara (28) Santa Maria (33) Solvang (1) Other City - Central CA Apple Valley (13) Avenal (1) Bakersfield (148) Barstow (5) Bishop (2) Boron (1) California City (2) Capitola (7) Ceres (6) Clovis (50) Coalinga (1) Delano (4) Dinuba (2) Farmersville (1) Fresno (220) Hanford (13) Hesperia (24) Irwindale (2) Kerman (1) Kingsburg (2) Lancaster (47) Lemoore (6) Lodi (19) Los Banos (3) Madera (14) Mammoth Lakes (1) Manteca (20) Merced (11) Modesto (93) Mojave (1) Oakhurst (3) Palmdale (15) Patterson (2) Porterville (11) Rancho Cordova (17) Reedley (4) Ridgecrest (4) Selma (1) Stockton (64) Tracy (22) Turlock (14) Victorville (21) Visalia (45) Waterford (1) Southern California City of SD La Jolla (14) Pacific Beach (2) Poway (25) San Diego (493) Spring Valley (19) East SD County Alpine (3) El Cajon (23) Jamul (2) La Mesa (27) Lakeside (8) Lemon Grove (11) Santee (9) Inland Empire Banning (9) Beaumont (3) Bloomington (11) Chino (32) Chino Hills (9) Claremont (9) Coachella (1) Colton (35) Corona (52) Eastvale (2) Fontana (13) Grand Terrace (1) Hemet (19) Highland (9) Jurupa Valley (2) Lake Elsinore (9) Loma Linda (4) Menifee (8) Montclair (32) Moreno Valley (52) Murrieta (29) Norco (12) Ontario (43) Perris (4) Phelan (2) Pomona (21) Rancho Cucamonga (51) Redlands (21) Rialto (5) Riverside (81) San Anselmo (1) San Bernardino (41) Santa Fe Springs (1) Sun City (1) Temecula (62) Upland (67) Wildomar (2) Winchester (1) Yucaipa (14) Long Beach Long Beach (110) Los Angeles Los Angeles (593) North OC Anaheim (148) Buena Park (15) Cypress (31) Fountain Valley (28) Fullerton (34) Garden Grove (131) Huntington Beach (61) La Habra (35) La Palma (8) Orange (102) Placentia (19) Santa Ana (130) Stanton (43) Tustin (52) Westminster (87) Yorba Linda (12) North SD County Blythe (3) Bonsall (1) Carlsbad (38) Encinitas (4) Escondido (35) Fallbrook (10) Imperial Beach (2) Oceanside (41) Ramona (5) Rancho Bernardo (10) San Marcos (29) Solana Beach (6) Vista (20) Other City - Southern CA Bell (3) Bell Gardens (6) Bellflower (48) Big Bear City (2) Carson (15) Cerritos (6) Chowchilla (5) Clairemont (1) Compton (8) Downey (15) Eagle Rock (10) El Centro (3) Foothill Ranch (1) Hawaiian Gardens (13) Hollywood (21) Huntington Park (1) La Mirada (9) La Puente (21) Lakewood (28) Lennox (4) Lomita (35) Los Alamitos (12) Lynwood (3) Maywood (1) Norwalk (21) Ojai (4) Orcutt (1) Rancho Mirage (5) Rancho Palos Verdes (5) Salida (3) Sanger (1) Seal Beach (4) Tulare (18) Walnut Park (2) Whittier (89) Wilmington (6) Palm Springs Area Bermuda Dunes (2) Cathedral City (36) Desert Hot Springs (9) Granite Bay (3) Grover Beach (6) Indio (1) La Quinta (16) Los Osos (3) Mission Hills (3) Oroville (6) Palm Desert (39) Palm Springs (25) Penryn (2) South Lake Tahoe (8) Twentynine Palms (9) Yucca Valley (10) San Fernando Valley Agoura Hills (7) Arleta (2) Burbank (24) Canoga Park (44) Carpinteria (2) Chatsworth (29) Encino (18) Glendale (38) Granada Hills (16) Montrose (2) Newbury Park (3) North Hills (13) North Hollywood (95) Northridge (28) Oak Park (1) Panorama City (9) Reseda (46) San Fernando (4) Sherman Oaks (37) Studio City (26) Sylmar (6) Tarzana (19) Thousand Oaks (39) Toluca Lake (3) Valencia (4) Valley Village (7) Van Nuys (62) West Hills (3) Woodland Hills (35) San Gabriel Valley Alhambra (13) Arcadia (43) Artesia (6) Azusa (22) Baldwin Park (16) Brea (24) Canyon Country (4) Castaic (3) City Of Industry (12) Covina (14) Diamond Bar (19) El Monte (44) Glendora (25) Hacienda Heights (37) La Crescenta (4) La Verne (12) Midway City (6) Monrovia (6) Montebello (12) Monterey Park (27) Pasadena (85) Rosemead (37) Rowland Heights (23) San Dimas (8) San Gabriel (73) San Gabriel Valley (4) South El Monte (15) Sun Valley (2) Temple City (6) Tujunga (2) Walnut (8) West Covina (66) South OC Aliso Viejo (1) Corona Del Mar (4) Costa Mesa (92) Dana Point (10) Irvine (50) Ladera Ranch (1) Laguna Beach (10) Laguna Hills (37) Laguna Niguel (11) Laguna Woods (2) Lake Forest (54) Mentone (2) Mission Viejo (15) Newport Beach (21) Rancho Santa Margarita (4) San Clemente (10) San Juan Capistrano (11) South SD County Bonita (2) Chula Vista (32) National City (16) Ventura Calimesa (1) Camarillo (20) Moorpark (5) Oak View (1) Oxnard (40) Port Hueneme (6) Santa Clarita (41) Santa Paula (4) Simi Valley (75) Sunset Beach (4) Thousand Palms (1) Ventura (42) Westside LA County Beverly Hills (22) Calabasas (1) Culver City (34) Duarte (7) El Segundo (6) Gardena (33) Harbor City (19) Hawthorne (19) Hermosa Beach (6) Inglewood (8) Lawndale (13) Malibu (3) Manhattan Beach (5) Marina Del Rey (13) Newhall (6) North Highlands (15) Playa Del Rey (2) Redondo Beach (40) Santa Monica (30) Sunland (5) Torrance (114) Venice (13) West Hollywood (26) Winnetka (15) Colorado (846) Alamosa (2) Arvada (20) Aurora (40) Avon (2) Boulder (21) Brighton (2) Broomfield (15) Cañon City (1) Cascade (2) Castle Rock (4) Centennial (31) Colorado Springs (110) Commerce City (6) Conifer (1) Cortez (1) Denver (185) Englewood (29) Erie (1) Evergreen (6) Federal Heights (3) Fort Collins (29) Fraser (1) Frederick (1) Georgetown (1) Glendale (3) Glenwood Springs (2) Golden (7) Grand Junction (7) Greeley (13) Greenwood Village (10) Highlands Ranch (7) Johnstown (1) Lafayette (5) Lakewood (91) Laporte (3) Littleton (29) Lone Tree (3) Longmont (13) Louisville (2) Loveland (24) Manitou Springs (1) Montrose (2) Monument (2) Northglenn (9) Parker (10) Pueblo (16) Sheridan (1) Thornton (18) Westminster (23) Wheat Ridge (27) Wheatridge (1) Windsor (2) Connecticut (395) Berlin (1) Bethel (4) Branford (7) Bridgeport (12) Bristol (6) Brookfield (5) Brooklyn (1) Canton (1) Cheshire (1) Clinton (2) Colchester (2) Cos Cob (3) Cromwell (2) Danbury (5) Darien (2) Derby (1) East Granby (1) East Hartford (10) East Haven (5) East Lyme (1) East Windsor (5) Ellington (2) Enfield (2) Fairfield (13) Farmington (2) Gaylordsville (1) Glastonbury (8) Greenwich (6) Griswold (2) Groton (7) Hamden (5) Hartford (3) Harwinton (1) Hebron (2) Ledyard (2) Madison (2) Manchester (7) Meriden (9) Middlebury (2) Middletown (6) Milford (26) Monroe (11) Montville (1) Mystic (1) Naugatuck (5) New Britain (2) New Fairfield (1) New Haven (5) New London (1) New Milford (3) New Preston Marble Dale (1) Newington (8) Newtown (5) Niantic (1) North Branford (1) North Franklin (1) North Haven (7) North Stonington (1) North Windham (2) Norwalk (15) Norwich (4) Old Saybrook (3) Orange (5) Plainville (4) Plantsville (1) Prospect (1) Quaker Hill (1) Ridgefield (1) Rocky Hill (2) Salem (1) Seymour (1) Shelton (7) Simsbury (1) South Windsor (2) Southbury (2) Southington (2) Stamford (23) Stratford (4) Thomaston (3) Torrington (4) Uncasville (2) Vernon (1) Vernon Rockville (1) Wallingford (18) Waterbury (3) Waterford (2) Watertown (7) West Hartford (6) West Haven (2) West Simsbury (1) Westport (8) Wethersfield (5) Wilton (5) Windsor Locks (1) Wolcott (1) Woodbridge (2) Woodbury (1) Delaware (157) Bear (3) Camden Wyoming (1) Claymont (3) Clayton (1) Dagsboro (1) Delaware City (1) Delmar (4) Dover (22) Felton (1) Frankford (1) Hockessin (1) Laurel (2) Lewes (3) Middletown (3) Milford (5) Millsboro (4) Milton (2) New Castle (5) Newark (22) Rehoboth Beach (5) Seaford (4) Smyrna (10) Wilmington (52) Woodside (1) District of Columbia (54) Washington Dc (54) Florida (2359) Alachua County Archer (1) Bay County Lynn Haven (2) Panama City Beach (17) Bradford County Starke (2) Broward County Coconut Creek (3) Coral Springs (11) Dania (3) Davie (24) Deerfield Beach (38) Fort Lauderdale (115) Hallandale (11) Hallandale Beach (19) Hollywood (52) Lauderhill (5) Margate (14) Miramar (2) Oakland Park (33) Orlando (145) Pembroke Pines (20) Plantation (13) Pompano Beach (74) Sunrise (16) Tamarac (12) Tampa (88) Collier County Largo (23) Naples (45) Flagler County Bunnell (3) Flagler Beach (2) Palm Coast (17) Hillsborough County Jacksonville (93) Lee County Fort Myers (42) Leon County Tallahassee (20) Manatee County Bradenton (26) Miami Dade County Coral Gables (8) Doral (12) Gainesville (19) Hialeah (18) Miami (220) Miami Beach (8) North Miami (9) North Miami Beach (19) Palmetto Bay (1) Orange County Belle Isle (1) Maitland (2) Ocoee (6) Winter Garden (4) Osceola County Saint Cloud (2) Palm Beach County Apopka (2) Boca Raton (45) Boynton Beach (13) Delray Beach (16) Jupiter (8) Lake Worth (13) Palm Beach Gardens (5) West Palm Beach (68) Winter Park (24) Pinellas County Clearwater (52) Melbourne (32) Palm Bay (4) Polk County Kissimmee (26) St Lucie County Port Saint Lucie (16) Altamonte Springs (12) Apollo Beach (1) Atlantic Beach (3) Avon Park (1) Belleview (4) Big Pine Key (1) Bonita Springs (12) Brandon (5) Brooksville (1) Cape Canaveral (3) Cape Coral (18) Casselberry (6) Clearwater Beach (1) Clermont (12) Cocoa (4) Cocoa Beach (4) Cooper City (4) Crestview (1) Crystal River (3) Dania Beach (5) Davenport (5) Daytona Beach (23) Defuniak Springs (1) Deland (5) Deltona (3) Destin (8) Dundee (1) Dunedin (4) Edgewater (2) Englewood (3) Estero (3) Eustis (2) Fernandina Beach (2) Ferndale (1) Fort Myers Beach (1) Fort Walton Beach (15) Fruit Cove (1) Fruitland Park (1) Gibsonton (1) Greenacres (8) Gulf Breeze (6) Haines City (1) Hobe Sound (1) Holiday (2) Holly Hill (2) Homosassa (1) Hudson (4) Indialantic (3) Inverness (1) Islamorada (1) Jacksonville Beach (4) Jasper (1) Jensen Beach (2) Juno Beach (2) Key Largo (2) Key West (1) Lady Lake (2) Lake City (2) Lake Mary (2) Lake Monroe (1) Lake Park (5) Lake Wales (1) Lakeland (15) Land O Lakes (6) Lantana (3) Lauderdale Lakes (3) Lecanto (1) Lee (1) Leesburg (4) Longwood (10) Lutz (10) Marathon (1) Marco Island (1) Mary Esther (5) Merritt Island (6) Middleburg (3) Milton (1) Miramar Beach (2) Mount Dora (2) Navarre (3) Neptune Beach (1) New Port Richey (15) Niceville (2) Nokomis (1) North Fort Myers (4) North Palm Beach (15) North Port (1) Ocala (16) Okeechobee (2) Oldsmar (6) Orange City (2) Orange Park (12) Ormond Beach (11) Pace (2) Palm City (2) Palm Harbor (9) Palmetto (1) Panama City (12) Parkland (1) Pensacola (36) Pinellas Park (8) Ponte Vedra Beach (3) Port Charlotte (17) Port Orange (4) Port Richey (4) Riverview (4) Rockledge (4) Ruskin (1) Saint Augustine (12) Saint Petersburg (21) Sanford (4) Sanibel (1) Sarasota (51) Satellite Beach (1) Sebastian (1) Sebring (4) Seminole (4) Spring Hill (15) St. Augustine (4) St. Johns (1) St. Pete Beach (2) St. Petersburg (5) Stuart (19) Summerfield (3) Tarpon Springs (4) Tavares (2) Tavernier (1) Titusville (5) Venice (14) Venus (1) Vero Beach (10) Wellborn (1) Wildwood (1) Wilton Manors (6) Winter Haven (9) Winter Springs (2) Georgia (695) Acworth (7) Adairsville (1) Albany (2) Alpharetta (18) Athens (5) Atlanta (108) Augusta (10) Austell (4) Blue Ridge (1) Bogart (2) Bonaire (1) Braselton (4) Brunswick (4) Buford (15) Calhoun (1) Canton (1) Carrollton (3) Cartersville (7) Chamblee (11) Clarkesville (1) Clarkston (1) College Park (3) Columbus (18) Conley (1) Conyers (5) Cordele (1) Cornelia (1) Covington (3) Cumming (15) Dacula (2) Dalton (12) Dawsonville (1) Decatur (3) Doraville (14) Douglasville (3) Duluth (24) Dunwoody (4) Evans (1) Fayetteville (5) Flowery Branch (1) Fort Oglethorpe (2) Gainesville (14) Griffin (1) Grovetown (1) Hapeville (1) Hinesville (2) Hiram (2) Jasper (1) Jefferson (1) Johns Creek (9) Kennesaw (14) Lagrange (4) Lake Park (1) Lawrenceville (17) Lilburn (5) Lithia Springs (2) Lithonia (2) Locust Grove (1) Macon (21) Marietta (49) Martinez (2) Mcdonough (6) Milledgeville (1) Newnan (3) Norcross (28) Oakwood (1) Peachtree City (5) Peachtree Corners (1) Pinehurst (1) Pooler (6) Rex (1) Ringgold (1) Rome (4) Rossville (4) Roswell (31) Saint Marys (1) Sandy Springs (22) Savannah (23) Smyrna (14) Snellville (1) Statesboro (2) Stockbridge (6) Stone Mountain (1) Sugar Hill (2) Suwanee (13) Temple (2) Tifton (4) Tucker (4) Tyrone (2) Unadilla (1) Valdosta (3) Villa Rica (2) Warner Robins (6) West Point (1) Winder (3) Woodstock (13) Hawaii (364) Aiea (10) Ewa Beach (2) Hauula (1) Hilo (1) Honolulu (309) Kahului (3) Kailua (3) Kailua Kona (2) Kamuela (1) Kaneohe (3) Kapolei (5) Kihei (5) Lahaina (2) Maui (1) Mililani (1) Pearl City (5) Wahiawa (1) Waialua (1) Waipahu (8) Idaho (123) Boise (52) Caldwell (2) Coeur Dalene (12) Eagle (5) Idaho Falls (5) Lewiston (5) Meridian (14) Nampa (6) Pocatello (8) Post Falls (1) Rexburg (1) Twin Falls (12) Illinois (1486) Addison (3) Algonquin (6) Alsip (1) Antioch (2) Arlington Heights (2) Aurora (28) Barrington (3) Bartlett (6) Bartonville (2) Beach Park (1) Belleville (1) Belvidere (8) Bensenville (2) Berwyn (2) Bethalto (1) Bloomingdale (3) Bloomington (22) Blue Island (1) Bolingbrook (3) Bourbonnais (4) Brookfield (3) Buffalo Grove (15) Burbank (2) Canton (1) Carbondale (10) Carol Stream (13) Carpentersville (2) Carterville (1) Cary (8) Centralia (1) Centreville (9) Champaign (17) Chatham (3) Chicago (496) Chicago Ridge (1) Chillicothe (1) Columbia (1) Country Club Hills (1) Countryside (1) Crest Hill (7) Crestwood (1) Crystal Lake (12) Danville (3) Darien (5) Decatur (12) Deerfield (4) Des Plaines (4) Downers Grove (8) Dunlap (1) East Moline (6) East Peoria (5) East Saint Louis (3) Edwardsville (1) Effingham (1) Elburn (1) Elgin (1) Elmhurst (3) Elmwood Park (2) Evanston (16) Fairview Heights (3) Forest Park (4) Fox Lake (1) Fox River Grove (1) Frankfort (4) Galesburg (5) Geneva (6) Gilberts (1) Glen Ellyn (9) Glenview (11) Godfrey (1) Grand Ridge (1) Granite City (1) Grayslake (3) Gurnee (6) Harrisburg (2) Hazel Crest (4) Hickory Hills (4) Highland Park (8) Hillside (1) Hoffman Estates (4) Homewood (2) Island Lake (3) Itasca (2) Joliet (3) Kankakee (3) Kewanee (1) La Grange (3) La Salle (2) Lake Bluff (2) Lake In The Hills (6) Lake Villa (2) Lake Zurich (3) Lansing (2) Lemont (1) Libertyville (8) Lincolnwood (1) Lindenhurst (1) Lisle (8) Litchfield (4) Lockport (1) Lombard (11) Lovejoy (3) Loves Park (3) Macomb (1) Manteno (1) Marion (5) Maryville (2) Matteson (1) Mattoon (1) Mchenry (3) Medinah (1) Metropolis (1) Milan (4) Minooka (2) Mokena (3) Moline (15) Monee (1) Monmouth (2) Montgomery (2) Morris (5) Morton (3) Morton Grove (5) Mount Prospect (10) Mt Prospect (3) Mt Vernon (2) Mundelein (3) Naperville (49) Nashville (1) New Baden (2) New Lenox (3) Niles (7) Normal (3) Norridge (3) North Aurora (1) Northbrook (15) Northfield (2) O Fallon (4) Oak Brook (4) Oak Forest (2) Oak Lawn (1) Oak Park (17) Oakbrook Terrace (4) Orland Park (10) Oswego (12) Ottawa (2) Palatine (8) Palos Heights (4) Palos Hills (4) Park City (1) Park Ridge (5) Pekin (6) Peoria (22) Peoria Heights (8) Peru (2) Plainfield (10) Plano (2) Quincy (5) River Grove (1) Riverwoods (1) Rock Island (3) Rockford (15) Rolling Meadows (1) Romeoville (1) Roscoe (1) Roselle (6) Rosemont (2) Round Lake (1) Round Lake Beach (2) Schaumburg (34) Skokie (17) South Elgin (2) Spring Grove (2) Spring Valley (3) Springfield (35) St Charles (11) Steger (1) Streamwood (6) Sugar Grove (2) Summit (2) Swansea (2) Sycamore (3) Tinley Park (9) Urbana (3) Vandalia (2) Vernon Hills (4) Villa Park (9) Warrenville (9) Washington (7) Wauconda (3) Waukegan (9) West Dundee (2) Westchester (3) Westmont (2) Westville (2) Wheaton (5) Wheeling (9) Willowbrook (2) Wilmette (3) Winfield (3) Winthrop Harbor (1) Wood Dale (1) Woodridge (3) Woodstock (4) Worth (2) Yorkville (1) Zion (1) Indiana (518) Anderson (6) Avon (12) Bloomington (6) Brownsburg (2) Carmel (11) Chesterton (1) Clarksville (2) Columbus (8) Corydonn (2) Crawfordsville (6) Crown Point (6) Dyer (3) Elkhart (6) Evansville (30) Fishers (12) Fort Wayne (34) Franklin (4) Gary (2) Goshen (1) Granger (3) Greensburg (1) Greenwood (3) Highland (10) Hobart (2) Indianapolis (207) Jeffersonville (5) Kendallville (1) Kokomo (7) Lafayette (16) Lake Station (2) Lawrenceburg (1) Marion (2) Merrillville (6) Michigan City (5) Mishawaka (11) Muncie (9) Munster (1) New Albany (4) New Castle (3) Newburgh (4) Noblesville (8) Osceola (2) Peru (1) Plainfield (4) Schererville (1) Scottsburg (1) Seymour (2) Shelbyville (7) South Bend (18) Terre Haute (7) Valparaiso (1) Vincennes (3) Wabash (2) Westfield (4) Iowa (282) Altoona (2) Ames (5) Ankeny (10) Bettendorf (7) Burlington (2) Cedar Falls (6) Cedar Rapids (35) Center Point (1) Clinton (1) Clive (6) Coralville (5) Council Bluffs (15) Davenport (29) Des Moines (32) Dubuque (9) Evansdale (1) Fairfield (1) Fort Dodge (2) Fort Madison (1) Grinnell (1) Hiawatha (2) Indianola (1) Iowa City (19) Larchwood (1) Le Claire (1) Le Mars (2) Low Moor (1) Marion (6) Mason City (3) Muscatine (2) Newton (1) North Liberty (2) Oskaloosa (1) Ottumwa (3) Pleasant Hill (1) Sioux City (18) Urbandale (18) Waterloo (13) Waukee (2) West Des Moines (11) Windsor Heights (3) Kansas (274) Bonner Springs (2) Emporia (2) Eudora (2) Galena (1) Gardner (2) Hutchinson (2) Junction City (3) Kansas City (3) Lansing (2) Lawrence (20) Leavenworth (3) Leawood (6) Lenexa (12) Manhattan (9) Merriam (4) Mission (2) Newton (1) Olathe (34) Overland Park (34) Prairie Village (1) Salina (3) Shawnee (2) Topeka (17) Westwood (1) Wichita (106) Kentucky (199) Alexandria (2) Bardstown (3) Bowling Green (15) Calvert City (1) Carrollton (1) Cold Spring (1) Danville (1) Elizabethtown (5) Erlanger (2) Florence (12) Frankfort (5) Franklin (3) Georgetown (3) Glasgow (2) Henderson (2) Hopkinsville (6) Independence (2) Lawrenceburg (2) Lexington (26) Louisville (61) Murray (1) Nicholasville (2) Oak Grove (4) Owensboro (9) Paducah (6) Paris (2) Pikeville (1) Radcliff (6) Richmond (3) Shepherdsville (3) Somerset (1) Versailles (4) Winchester (2) Louisiana (413) Alexandria (9) Baton Rouge (82) Bossier City (11) Breaux Bridge (1) Broussard (3) Church Point (1) Covington (6) Denham Springs (8) Destrehan (3) Gonzales (12) Gretna (8) Hammond (9) Harahan (3) Harvey (4) Houma (9) Jefferson (2) Kenner (5) Lafayette (44) Lake Charles (32) Laplace (2) Madisonville (1) Mandeville (4) Metairie (31) Monroe (2) New Iberia (7) New Orleans (43) Opelousas (1) Paradis (1) Ponchatoula (1) Port Allen (3) Prairieville (5) Rayne (1) Reserve (1) Ruston (1) Shreveport (34) Slidell (11) Sulphur (5) Walker (1) West Monroe (2) Westwego (1) Youngsville (1) Zachary (2) Maine (64) Auburn (2) Augusta (2) Bangor (2) Biddeford (1) Bridgewater (1) Brunswick (2) Cambridge (2) Ellsworth (1) Falmouth (1) Freeport (2) Gorham (1) Gray (5) Kennebunkport (1) Kittery (1) Lewiston (2) Lisbon (1) Lovell (1) Manchester (2) North Berwick (1) Norway (1) Old Orchard Beach (1) Plymouth (1) Portland (9) Raymond (2) Saco (4) Sanford (1) Scarborough (1) South Portland (3) Topsham (1) Waldoboro (1) Waterville (2) Wells (2) Westbrook (1) York (3) Maryland (427) Aberdeen (9) Abingdon (3) Annapolis (5) Arnold (3) Aspen Hill (1) Baldwin (1) Baltimore (35) Bel Air (4) Beltsville (1) Berlin (1) Bethesda (10) Bowie (2) Catonsville (4) Clarksburg (1) Clarksville (1) Clinton (4) Cockeysville (3) College Park (4) Columbia (25) Crofton (4) Cumberland (1) Damascus (2) Deale (1) Derwood (3) Dundalk (1) Easton (2) Edgewater (3) Edgewood (7) Elkridge (3) Elkton (9) Ellicott City (10) Essex (1) Forest Hill (1) Fort Washington (7) Frederick (11) Gaithersburg (18) Gambrills (2) Germantown (2) Glen Burnie (13) Glenelg (1) Greenbelt (9) Gwynn Oak (1) Hagerstown (2) Halethorpe (3) Havre De Grace (1) Hillcrest Heights (1) Hughesville (1) Hyattsville (6) Jessup (1) Joppa (1) Kensington (2) Lanham (7) Laurel (16) Linthicum Heights (4) Lothian (3) Lutherville Timonium (10) Montgomery Village (1) Nottingham (8) Ocean City (2) Olney (1) Owings (1) Owings Mills (3) Oxon Hill (4) Parkville (9) Pasadena (4) Perry Hall (1) Pikesville (3) Pocomoke City (1) Potomac (1) Reisterstown (1) Riverdale (1) Rockville (34) Rosedale (5) Salisbury (14) Severna Park (3) Silver Spring (9) Stevensville (1) Suitland (4) Sykesville (1) Temple Hills (5) Timonium (2) Towson (10) Upper Marlboro (6) Waldorf (4) White Oak (1) Massachusetts (944) Abington (6) Acton (8) Agawam (1) Allston (3) Amesbury (2) Amherst (1) Andover (3) Arlington (8) Ashland (4) Attleboro (8) Auburn (3) Ayer (1) Bedford (8) Bellingham (2) Belmont (9) Beverly (1) Billerica (5) Boston (75) Bourne (1) Braintree (11) Bridgewater (1) Brighton (13) Brockton (3) Brookline (16) Burlington (9) Buzzards Bay (2) Cambridge (20) Cambridge (1) Canton (2) Carver (1) Charlestown (1) Charlton (1) Chelmsford (5) Chelsea (1) Chicopee (6) Clinton (2) Cohasset (2) Danvers (16) Dartmouth (1) Dedham (3) Dracut (5) Dudley (2) East Falmouth (1) East Longmeadow (2) East Wareham (1) Easton (1) Everett (6) Fairhaven (1) Falmouth (1) Feeding Hills (3) Fitchburg (4) Florence (2) Framingham (26) Franklin (6) Gloucester (5) Greenfield (1) Hadley (2) Hanover (3) Hanson (1) Harwich (1) Haverhill (5) Hingham (1) Holbrook (2) Hopedale (4) Hudson (2) Hull (2) Hyannis (6) Indian Orchard (1) Ipswich (2) Jamaica Plain (2) Kingston (3) Lakeville (1) Lawrence (3) Leicester (1) Leominster (8) Lexington (6) Lowell (9) Lunenburg (4) Lynn (6) Malden (6) Mansfield (4) Marlborough (10) Marshfield (2) Marstons Mills (1) Medfield (1) Medford (15) Medway (2) Methuen (9) Middleboro (3) Middleton (5) Middletown (1) Milford (4) Millis (1) Milton (1) Natick (6) Needham (3) Needham Heights (1) New Bedford (1) Newburyport (2) Newton (21) Newton Center (2) Newton Highlands (2) Newtonville (5) Norfolk (1) North Andover (4) North Attleboro (4) North Chelmsford (2) North Dartmouth (1) North Grafton (1) North Oxford (1) North Reading (1) North Weymouth (4) Northampton (3) Northborough (4) Norton (2) Norwell (2) Norwood (7) Oxford (5) Peabody (6) Pembroke (4) Pembroke (1) Pittsfield (1) Plainville (5) Plymouth (10) Quincy (48) Randolph (4) Raynham (4) Reading (4) Rehoboth (5) Revere (10) Rockland (4) Roslindale (1) Sagamore Beach (1) Salem (6) Salisbury (1) Saugus (3) Seekonk (7) Sharon (1) Shrewsbury (2) Somerset (1) Somerville (7) South Easton (2) South Yarmouth (1) Southborough (2) Spencer (1) Springfield (12) Stoneham (11) Stoughton (5) Stow (1) Sturbridge (3) Sudbury (3) Sutton (1) Swampscott (1) Swansea (4) Taunton (6) Tewksbury (10) Tyngsboro (3) Uxbridge (2) Wakefield (10) Waltham (30) Wareham (1) Watertown (23) Wayland (2) Webster (4) Wellesley (4) West Bridgewater (1) West Newton (2) West Springfield (3) West Yarmouth (1) Westborough (6) Westfield (4) Westford (1) Westport (1) Westwood (2) Weymouth (25) Whitinsville (2) Wilmington (9) Winchester (1) Winthrop (1) Woburn (5) Worcester (41) Wrentham (1) Yarmouth Port (2) Michigan (480) Adrian (1) Ann Arbor (20) Battle Creek (6) Bay City (2) Belding (1) Belleville (1) Berkley (2) Birmingham (1) Brighton (4) Burton (4) Byron Center (1) Caledonia (1) Canton (6) Center Line (5) Charlotte (1) Charter Twp Of Clinton (2) Chesterfield (4) Clinton Township (8) Commerce (6) Comstock Park (2) Dearborn (7) Dearborn Heights (1) Detroit (1) Detroit (14) East Lansing (2) Eastpointe (3) Farmington (6) Farmington Hills (10) Fenton (3) Ferndale (4) Flint (10) Fraser (2) Garden City (10) Grand Haven (1) Grand Rapids (50) Grandville (1) Hartford (1) Highland (6) Holland (8) Howell (1) Jackson (9) Kalamazoo (10) Kawkawlin (2) Keego Harbor (1) Kentwood (2) Lake Orion (1) Lansing (14) Lapeer (1) Lathrup Village (1) Livonia (13) Macomb (6) Madison Heights (1) Marshall (1) Menominee (1) Midland (1) Mount Clemens (1) Mount Pleasant (2) Niles (2) Northville (1) Norton Shores (2) Novi (13) Plymouth (1) Pontiac (3) Port Huron (1) Portage (1) Portland (1) Redford (1) Riverview (2) Rochester (5) Rochester Hills (9) Romeo (1) Romulus (1) Roseville (2) Saginaw (5) Saline (2) Shelby Twp (10) South Haven (1) South Lyon (3) Southfield (14) Southgate (5) St. Clair Shores (7) Sterling Heights (11) Taylor (5) Temperance (2) Traverse City (7) Troy (18) Union Pier (1) Utica (3) Village Of Clarkston (3) Walled Lake (2) Warren (13) Waterford (4) Waterford Township (4) West Bloomfield Township (3) Westland (11) Wixom (2) Wyandotte (1) Wyoming (2) Ypsilanti (9) Minnesota (416) Albert Lea (1) Alexandria (1) Apple Valley (6) Austin (2) Bemidji (2) Blaine (10) Bloomington (8) Brainerd (3) Brooklyn Park (4) Buffalo (5) Burnsville (25) Champlin (5) Chanhassen (3) Chaska (2) Circle Pines (2) Cloquet (1) Columbia Heights (4) Coon Rapids (2) Cottage Grove (2) Crystal (2) Detroit Lakes (1) Duluth (10) Eagan (6) East Grand Forks (2) Eden Prairie (11) Edina (4) Elk River (1) Forest Lake (2) Fridley (7) Grand Rapids (1) Grandy (1) Ham Lake (2) Hibbing (1) Hopkins (2) Hutchinson (1) Inver Grove Heights (4) Lake City (1) Lake Elmo (1) Lakeland Shores (1) Lakeville (3) Lino Lakes (1) Long Lake (1) Mankato (5) Maple Grove (8) Maple Plain (1) Maplewood (4) Marshall (2) Mendota Heights (1) Minneapolis (77) Minnetonka (3) Monticello (2) Moorhead (7) New Brighton (1) New Ulm (3) Newport (1) North Branch (1) Northfield (3) Oakdale (2) Otsego (1) Owatonna (3) Plymouth (10) Prior Lake (1) Ramsey (2) Red Wing (1) Richfield (3) Robbinsdale (2) Rochester (1) Rochester (19) Roseville (9) Roseville (1) Savage (1) Shakopee (4) Shoreview (2) Spring Lake Park (1) St Cloud (5) St Louis Park (6) St Michael (3) St Paul (21) St Peter (1) Stewartville (3) Stillwater (5) Vadnais Heights (4) Waite Park (3) Wayzata (1) White Bear Lake (15) Willernie (3) Willmar (3) Winona (2) Woodbury (4) Worthington (1) Mississippi (52) Batesville (1) Biloxi (1) Corinth (2) Flowood (3) Gulf Port (1) Hattiesburg (6) Jackson (11) Long Beach (1) Meridan (4) Moss Point (1) Ocean Springs (7) Olive Branch (1) Pascagoula (3) Ridgeland (4) Smithville (1) Southaven (3) Starkville (1) Vicksburg (1) Missouri (333) Ballwin (11) Belton (3) Blue Springs (13) Branson West (1) Brentwood (2) Brookfield (1) Cameron (1) Cape Girardeau (2) Carthage (1) Chesterfield (9) Clayton (1) Clinton (1) Columbia (24) Crestwood (3) Creve Coeur (2) Crystal City (1) Des Peres (3) Ellisville (3) Florissant (3) Gladstone (17) Hazelwood (1) Independence (6) Jefferson City (1) Joplin (8) Kansas City (1) Kansas City (66) Lake Ozark (1) Lee's Summit (3) Liberty (4) Manchester (3) O'fallon (12) Osage Beach (3) Ozark (1) Raymore (1) Raytown (1) Rock Hill (1) Rolla (1) Sappington (1) Smithville (1) Springfield (48) St Ann (2) St Charles (9) St Joseph (8) St Louis (40) St Peters (6) St Robert (1) Wildwood (1) Montana (51) Belgrade (2) Billings (19) Bozeman (4) Butte (5) Columbia Falls (1) Great Falls (3) Havre (1) Helena (4) Kalispell (3) Missoula (7) Sidney (2) Nebraska (100) Bellevue (5) Broken Bow (1) Columbus (1) Fremont (2) Grand Island (5) Kearney (3) La Vista (1) Lexington (1) Lincoln (1) Lincoln (19) North Platte (1) Ogallala (1) Omaha (56) Ralston (2) West Point (1) Nevada (553) Carson City (8) Crystal (1) Elko (4) Ely (3) Empire (1) Fallon (2) Henderson (34) Las Vegas (432) Mesquite (4) North Las Vegas (8) Pahrump (5) Reno (45) Sparks (5) West Wendover (1) New Hampshire (88) Amherst (1) Bedford (5) Bow (1) Claremont (1) Derry (5) Dover (2) Exeter (1) Goffstown (2) Greenland (1) Hampton (1) Hooksett (1) Hudson (7) Laconia (1) Lincoln (1) Londonderry (7) Manchester (21) Merrimack (4) Milford (1) Nashua (9) Plaistow (2) Portsmouth (1) Rochester (1) Salem (9) Somersworth (2) Windham (1) New Jersey (1194) Aberdeen (3) Absecon (3) Allenhurst (1) Alpha (1) Andover (1) Atco (2) Atlantic City (29) Avalon (1) Avenel (2) Barnegat (1) Barrington (1) Bayonne (14) Bayville (5) Belleville (3) Bellmawr (2) Belmar (1) Bergenfield (1) Berkeley Heights (1) Beverly (3) Blackwood (3) Bloomfield (6) Bogota (2) Bordentown (5) Bound Brook (4) Brick (3) Brick Township (1) Bridgeton (1) Bridgewater (14) Brigantine (1) Browns Mills (5) Budd Lake (4) Burlington (1) Butler (7) Caldwell (2) Carlstadt (1) Cedar Grove (6) Cherry Hill (27) Chester (1) Clark (1) Clarksburg (1) Clementon (4) Cliffside Park (2) Clifton (5) Clinton (2) Closter (3) Collingswood (2) Colonia (3) Columbus (1) Cranbury (1) Cranford (4) Cresskill (1) Demarest (2) Denville (14) Dover (12) Dunellen (3) East Brunswick (23) East Hanover (2) East Windsor (13) Eatontown (6) Edgewater (12) Edison (47) Egg Harbor City (4) Egg Harbor Township (7) Elizabeth (2) Elmwood Park (1) Englewood (7) Englishtown (3) Ewing (2) Fair Lawn (13) Fairfield (1) Fairview (7) Flanders (4) Flemington (5) Florence (1) Forked River (2) Fort Lee (13) Franklin Lakes (1) Franklin Park (2) Franklin Township (1) Freehold (12) Garfield (2) Garwood (1) Glassboro (1) Greenbrook (15) Guttenberg (2) Hackensack (4) Haddon Heights (2) Haddonfield (2) Hainesport (1) Hamburg (1) Hamilton (7) Hammonton (6) Hampton (1) Harrison (3) Haworth (1) Hawthorne (1) Hazlet (2) Highland Park (12) Hightstown (2) Hillsborough (14) Hillsdale (2) Hillside (4) Hoboken (3) Hopatcong (1) Hopewell (1) Howell (1) Jackson (1) Jersey City (37) Keansburg (1) Kearny (3) Kendall Park (1) Kenilworth (1) Kenvil (3) Keyport (3) Lake Hopatcong (2) Lakewood (11) Lavallette (1) Lawrence Township (1) Lawrenceville (7) Ledgewood (5) Linden (2) Little Falls (1) Little Ferry (3) Livingston (1) Lodi (1) Long Branch (1) Lumberton (3) Lyndhurst (5) Magnolia (1) Mahwah (1) Manahawkin (3) Manalapan (4) Manville (8) Maple Shade (4) Maplewood (3) Margate City (1) Marlboro (4) Marlton (4) Martinsville (4) Matawan (7) Mays Landing (2) Medford (2) Metuchen (4) Middlesex (5) Middletown (3) Midland Park (2) Millburn (5) Millstone (1) Milltown (3) Monmouth Junction (2) Monroe Township (2) Montclair (6) Moorestown (1) Morganville (5) Morris Plains (3) Morristown (1) Mount Laurel (9) Mountainside (1) Mullica Hill (1) Neptune (4) Neptune City (2) New Brunswick (3) New Milford (3) New Providence (1) Newark (14) Newfoundland (4) Newton (2) North Bergen (5) North Brunswick (19) North Plainfield (2) Northfield (1) Northvale (2) Nutley (2) Oakhurst (3) Oakland (3) Oaklyn (1) Ocean City (3) Ocean Township (1) Old Bridge (3) Palisades Park (7) Paramus (2) Parlin (3) Parsippany (5) Passaic (27) Paterson (7) Pennington (4) Penns Grove (1) Pennsville (3) Pequannock (2) Perth Amboy (1) Phillipsburg (3) Pine Brook (6) Plainfield (4) Plainsboro (4) Pleasantville (16) Point Pleasant (2) Point Pleasant Beach (1) Pomona (1) Pompton Lakes (2) Pompton Plains (3) Princeton (8) Princeton Junction (7) Rahway (2) Ramsey (4) Randolph (3) Raritan (2) Red Bank (4) Ridgefield (2) Ridgewood (1) Ringoes (1) Ringwood (1) Rio Grande (1) River Edge (1) Riverdale (1) Rochelle Park (1) Rockaway (2) Roebling (2) Roseland (1) Roselle (2) Runnemede (1) Rutherford (5) Saddle Brook (5) Sayreville (6) Scotch Plains (5) Secaucus (10) Sewell (3) Sicklerville (1) Skillman (2) Somerdale (1) Somers Point (2) Somerset (21) Somerville (11) South Amboy (5) South Bound Brook (2) South Orange (1) South Plainfield (11) South River (1) Southampton Township (1) Spotswood (2) Springfield (9) Stanhope (1) Stockholm (1) Stratford (2) Succasunna (1) Tenafly (1) Toms River (28) Totowa (6) Trenton (2) Tuckerton (2) Union (5) Union City (6) Verona (5) Vincentown (4) Vineland (8) Voorhees (5) Warren (4) Washington (2) Watchung (3) Wayne (14) West Deptford (3) West Orange (3) Westfield (11) Westville (4) Westwood (1) Whitehouse (1) Whitehouse Station (1) Whiting (3) Williamstown (5) Windsor (1) Woodbridge (1) Woodbury (9) Woodbury Heights (2) Woodland Park (6) Wyckoff (1) New Mexico (404) Alamogordo (5) Albuquerque (230) Anthony (1) Artesia (2) Belen (1) Bernalillo (2) Bloomfield (2) Carlsbad (8) Clovis (9) Espanola (2) Eunice (1) Farmington (20) Gallup (3) Grants (3) Hobbs (8) Las Cruces (25) Los Alamos (1) Los Lunas (1) Lovington (2) Moriarty (2) Portales (3) Rio Rancho (18) Roswell (14) Ruidoso (2) Santa Fe (33) Socorro (1) Taos (4) Tularosa (1) New York (3850) Manhattan 72nd Street & Above (83) Manhattan 40th To 72nd Street (244) Manhattan 14th To 40th Street (292) Manhattan Below 14th St (138) Albertson (1) Amherst (3) Babylon (2) Baldwinsville (1) Ballston Spa (2) Batavia (1) Beacon (1) Bedford Hills (1) Brentwood (2) Bridgehampton (1) Bronx (16) Bronxville (2) Brooklyn (405) Burnt Hills (1) Campbell Hall (1) Center Moriches (3) Chadwicks (1) Cicero (5) Circleville (1) Cohoes (1) Congers (5) Copiague (1) Cross River (1) East Greenbush (2) East Islip (1) East Moriches (1) East Norwich (2) East Quogue (1) East Setauket (2) East Syracuse (1) Endicott (2) Evans Mills (1) Fayetteville (1) Frankfort (2) Glen Oaks (2) Glens Falls (2) Gowanda (1) Greene (1) Guilderland (1) Hamburg (1) Hampton Bays (2) Harrison (3) Hastings (1) Haverstraw (3) Henrietta (2) Herkimer (1) Hewlett (1) Hollis (1) Holtsville (1) Hopewell Junction (4) Islip (2) Islip Terrace (1) Jamestown (2) Johnstown (1) Kew Gardens (1) Lagrangeville (2) Lake Grove (3) Lawrence (1) Liberty (2) Lockport (2) Locust Valley (1) Long Beach (2) Long Island City (39) Madison (1) Mahopac Falls (1) Manhasset (4) Manhattan (87) Manlius (3) Mastic (2) Medford (2) Medford (6) Melville (1) Middle Island (8) Miller Place (5) Monroe (1) Monticello (1) Montrose (1) Mount Sinai (2) New Hartford (1) New York City (411) Niskayuna (1) North Babylon (2) North Bellmore (1) North Syracuse (1) Oakland Gardens (1) Ontario (1) Orangeburg (1) Oyster Bay (1) Pawling (1) Penfield (1) Pine Bush (1) Pittsford (3) Plainview (1) Plattsburgh (5) Pleasant Valley (1) Port Jefferson Station (1) Port Jervis (1) Pound Ridge (1) Queens (99) Queensbury (6) Richmond (1) Richmond Hill (3) Riverhead (1) Rochester (1) Rockaway Park (1) Rockville Centre (1) Rome (1) Roslyn Heights (1) Saint Albans (1) Sayville (2) Sea Cliff (1) Shirley (2) Sound Beach (1) Staten Island (87) Stony Brook (1) Suffern (2) Syosset (4) Tonawanda (1) Troy (4) Tuckahoe (2) Union Springs (1) Utica (4) Wading River (1) Warwick (1) Waterford (1) Watervliet (1) West Haverstraw (1) West Hempstead (4) Westhampton Beach (1) Williamsville (4) Other Areas Within New York Airmont (1) Albany (33) Amityville (6) Ardsley (3) Astoria (122) Baldwin (11) Baldwin Place (1) Bay Shore (4) Bayside (51) Bedford (2) Bellerose (19) Bellmore (5) Bethpage (8) Binghamton (3) Blauvelt (3) Bohemia (3) Briarcliff Manor (7) Brightwaters (1) Buchanan (1) Buffalo (16) Calverton (1) Carle Place (2) Carmel (7) Centereach (7) Central Islip (4) Chappaqua (2) Cheektowaga (2) Chester (1) Clifton Park (7) College Point (6) Commack (9) Coram (7) Corona (7) Cortland (1) Cortlandt Manor (2) Deer Park (4) Depew (6) Dix Hills (3) Dobbs Ferry (1) Douglaston (2) East Amherst (1) East Elmhurst (6) East Meadow (7) East Northport (9) Eastchester (2) Elmhurst (53) Elmsford (10) Endwell (1) Fairport (2) Farmingdale (10) Farmingville (4) Fishkill (3) Floral Park (9) Flushing (308) Forest Hills (32) Franklin Square (10) Freeport (7) Fresh Meadows (8) Garden City (1) Glen Cove (10) Glen Head (2) Glendale (7) Goshen (2) Great Neck (17) Greenvale (2) Harriman (4) Hartsdale (2) Hauppauge (4) Hawthorne (2) Hempstead (6) Hicksville (25) Highland (4) Holbrook (7) Howard Beach (1) Huntington (13) Huntington Station (17) Hyde Park (3) Islandia (1) Jackson Heights (10) Jamaica (23) Jericho (1) Johnson City (3) Kenmore (2) Kingston (14) Lake Ronkonkoma (7) Larchmont (3) Latham (4) Levittown (3) Lindenhurst (9) Little Neck (31) Liverpool (10) Lynbrook (8) Mahopac (9) Mamaroneck (12) Maspeth (13) Massapequa (19) Maybrook (1) Merrick (7) Middle Village (8) Middletown (12) Millwood (3) Mineola (11) Mohegan Lake (3) Montgomery (2) Mount Kisco (3) Mount Vernon (5) Nanuet (6) Nesconset (4) New City (3) New Hyde Park (13) New Rochelle (28) New Windsor (8) Newburgh (11) North Massapequa (1) North Salem (1) North Tonawanda (3) Northport (1) Nyack (11) Oakdale (1) Oceanside (5) Olean (1) Ossining (9) Oswego (1) Ozone Park (9) Patchogue (14) Pelham (4) Pleasantville (5) Port Chester (4) Port Ewen (1) Port Jefferson (1) Port Washington (14) Poughkeepsie (4) Purdys (1) Queens Village (15) Rego Park (11) Ridgewood (18) Rochester (48) Rocky Point (3) Ronkonkoma (14) Roslyn (2) Rotterdam Junction (1) Saint James (5) Salem (1) Saratoga Springs (3) Scarsdale (11) Schenectady (16) Seaford (3) Selden (6) Shrub Oak (1) Smithtown (12) Somers (2) Spring Valley (3) Sunnyside (10) Syracuse (29) Tarrytown (2) Thornwood (2) Valhalla (4) Valley Stream (3) Victor (1) Wantagh (2) Wappingers Falls (9) Watertown (4) Webster (5) West Babylon (6) West Islip (1) Westbury (6) White Plains (14) Whitestone (13) Williston Park (3) Woodbury (1) Woodhaven (6) Woodside (9) Yonkers (27) Yorktown Heights (4) North Carolina (530) Apex (14) Archdale (3) Arden (2) Asheville (12) Bessemer City (1) Burlington (12) Cary (36) Chapel Hill (5) Charlotte (87) Clayton (1) Clemmons (3) Clinton (1) Concord (6) Conover (1) Durham (25) Eden (1) Emerald Isle (1) Fayetteville (1) Fayetteville (34) Flat Rock (1) Franklinton (1) Fuquay Varina (1) Garner (3) Gaston (1) Gastonia (12) Goldsboro (8) Graham (1) Grantsboro (3) Greensboro (37) Greenville (4) Guilford (1) Havelock (2) Hendersonville (1) Hickory (4) High Point (12) Hildebran (1) Hillsborough (1) Indian Trail (2) Jacksonville (11) Kannapolis (3) Kernersville (4) Knightdale (4) Lexington (2) Lincolnton (3) Matthews (5) Mebane (1) Mint Hill (1) Mooresville (5) Morrisville (6) Mount Holly (1) Murphy (1) New Bern (2) Newport (1) Pineville (1) Pleasant Garden (1) Raeford (1) Raleigh (46) Roanoke Rapids (2) Rocky Mount (3) Salisbury (4) Sanford (2) Southern Pines (2) Spring Lake (1) Statesville (3) Thomasville (1) Wake Forest (5) Washington (2) White Plains (1) Whitsett (1) Williamston (2) Wilmington (35) Winston Salem (23) Wrightsville Beach (1) Youngsville (1) North Dakota (53) Beulah (2) Bismarck (11) Bottineau (1) Dickinson (2) Fargo (11) Grand Forks (4) Hazen (1) Jamestown (1) Linton (1) Mandan (3) Minot (8) Wahpeton (2) Williston (6) Ohio (553) Akron (27) Amelia (8) Avon (3) Batavia (1) Beavercreek (10) Bellbrook (1) Blue Ash (2) Broadview Heights (3) Brunswick (4) Cambridge (1) Canton (11) Carroll (2) Cheviot (1) Chillicothe (1) Cincinnati (66) Cleveland (20) Clintonville (1) Columbia Station (2) Columbus (108) Cuyahoga Falls (6) Dayton (24) Delaware (4) Dublin (11) Elyria (1) Englewood (1) Fairborn (5) Fairfield (8) Fairlawn (1) Findlay (5) Fostoria (1) Franklin (1) Grafton (1) Grove City (1) Heath (3) Hilliard (3) Huber Heights (4) Hudson (2) Kent (1) Lakewood (5) Lancaster (5) Lewis Center (2) Lorain (4) Loveland (2) Madison (4) Mansfield (5) Marion (3) Marysville (2) Mason (1) Massillon (2) Maumee (1) Medina (2) Mentor (4) Miamisburg (5) Middleburg Heights (3) Middletown (4) Milford (4) Mogadore (1) Monclova (2) New Philadelphia (1) Newark (3) Newton Falls (1) Niles (1) North Canton (2) North Olmsted (4) North Ridgeville (2) Northfield (1) Norwalk (1) Orange Village (1) Painesville (4) Parma Heights (3) Pickerington (1) Piqua (1) Powell (11) Ravenna (2) Reynoldsburg (6) Sandusky (4) Sheffield (1) Sidney (2) Springboro (1) Springfield (2) Strongsville (6) Tallmadge (3) Toledo (19) Troy (3) Wadsworth (1) Warren (10) West Chester (11) West Jefferson (1) Westerville (6) Westlake (1) Wooster (2) Worthington (11) Youngstown (5) Zanesville (3) Oklahoma (541) Altus (2) Ardmore (2) Bartlesville (1) Bethany (10) Bixby (5) Bristow (1) Broken Arrow (13) Calera (2) Chickasha (1) Choctaw (2) Colcord (1) Del City (2) Duncan (1) Durant (4) Edmond (39) El Reno (2) Enid (1) Grove (2) Guymon (2) Hooker (1) Lawton (15) Mcalester (1) Midwest City (9) Moore (5) Muskogee (7) Mustang (1) Newcastle (1) Norman (30) Oklahoma City (143) Owasso (2) Pauls Valley (1) Pocola (1) Ponca City (3) Roland (3) Sapulpa (6) Shawnee (3) Stillwater (4) Tahlequah (2) Thackerville (1) Tulsa (197) Wagoner (2) Warr Acres (4) Yukon (6) Oregon (524) Albany (15) Aloha (2) Arch Cape (1) Ashland (1) Beaverton (39) Bend (20) Clackamas (5) Corvallis (6) Eugene (34) Gladstone (1) Grants Pass (11) Gresham (11) Happy Valley (4) Hermiston (1) Hillsboro (13) Independence (1) Junction City (1) Keizer (3) Klamath Falls (1) Lake Oswego (6) Mcminnville (2) Medford (22) Milwaukie (6) Molalla (1) Newberg (3) Newport (1) North Bend (1) Oregon City (2) Portland (215) Roseburg (6) Salem (35) Scappoose (1) Seaside (1) Sherwood (4) Springfield (10) Stayton (2) Talent (1) The Dalles (3) Tigard (17) Troutdale (2) Tualatin (6) West Linn (1) Wilsonville (3) Woodburn (3) Pennsylvania (1163) Abington (5) Aliquippa (1) Allentown (37) Allenwood (1) Allison Park (3) Altoona (7) Ambler (4) Archbald (3) Ardmore (5) Baden (2) Bala Cynwyd (8) Bangor (1) Bartonsville (5) Bath (1) Beaver Falls (1) Belle Vernon (3) Bellefonte (1) Bellevue (1) Bensalem (7) Berwick (3) Berwyn (1) Bethel Park (6) Bethlehem (13) Blairsville (2) Blakeslee (1) Blandon (2) Bloomsburg (2) Blue Bell (2) Boothwyn (1) Bradford (1) Bridgeport (2) Bridgeville (5) Bristol (1) Brodheadsville (2) Broomall (4) Bryn Mawr (4) Butler (10) California (1) Camp Hill (14) Canonsburg (4) Carbondale (1) Carlisle (5) Carnegie (1) Catasauqua (4) Chadds Ford (2) Chalfont (1) Chambersburg (8) Cheltenham (1) Cheswick (2) Clarks Summit (2) Clearfield (1) Cleona (2) Clifton Heights (1) Coatesville (2) Collegeville (3) Colmar (1) Columbia (1) Concordville (1) Conshohocken (3) Coopersburg (1) Coraopolis (1) Cranberry (1) Cranberry Twp (4) Cresco (2) Dallas (1) Damascus (1) Delmont (2) Denver (1) Devon (2) Dickson City (2) Dillsburg (1) Douglassville (3) Dover (1) Downingtown (5) Doylestown (5) Drexel Hill (3) Drumore (1) Du Bois (1) Duncannon (1) Duncansville (3) Dunmore (1) Eagleville (1) East Stroudsburg (7) Easton (5) Edwardsville (1) Eighty Four (1) Elizabethtown (1) Elkins Park (2) Elverson (2) Emmaus (1) Ephrata (1) Erie (15) Etters (1) Exton (7) Eynon (1) Fairless Hills (2) Fairview (1) Feasterville Trevose (4) Fleetwood (1) Flourtown (1) Fogelsville (1) Folsom (2) Ford City (1) Freedom (1) Gettysburg (2) Gibsonia (3) Glen Mills (2) Glenshaw (1) Glenside (4) Greencastle (2) Greensburg (8) Greentown (1) Greenville (1) Grove City (3) Hallstead (1) Hamburg (1) Hannastown (1) Hanover (7) Harleysville (3) Harrisburg (26) Hatboro (6) Hatfield (4) Havertown (5) Hawley (2) Hazle Township (2) Hazleton (4) Hellertown (1) Hermitage (6) Hershey (3) Highspire (1) Hollidaysburg (1) Horsham (2) Hummelstown (1) Huntingdon (1) Huntingdon Valley (3) Imperial (1) Indiana (1) Irwin (2) Jeannette (2) Jefferson Hills (3) Jenkintown (3) Johnstown (5) Kennett Square (1) King Of Prussia (6) Kingston (3) Kittanning (1) Lancaster (18) Langhorne (5) Lansdale (5) Lansdowne (2) Larksville (2) Latrobe (1) Lebanon (9) Leesport (1) Lehighton (1) Lemoyne (8) Leola (1) Levittown (3) Lewisburg (1) Lewistown (2) Linglestown (1) Lititz (1) Malvern (3) Manheim (2) Maple Glen (3) Mars (2) Marysville (1) Matamoras (1) Mc Kees Rocks (4) Mc Keesport (1) Mckeesport (1) Mcmurray (3) Meadville (1) Mechanicsburg (5) Mechanicsville (1) Media (2) Milford (2) Mill Hall (2) Millersville (2) Monroeville (10) Montgomeryville (3) Montoursville (2) Moosic (1) Morrisville (3) Morton (1) Mount Joy (2) Mount Penn (1) Mountain Top (1) Mt Lebanon (2) Muncy (1) Murrysville (3) Nanticoke (3) Natrona Heights (1) Nazareth (2) New Brighton (1) New Castle (7) New Cumberland (2) New Holland (2) New Hope (1) New Kensington (2) Newtown Square (1) Norristown (9) North East (1) North Versailles (3) North Wales (2) Northampton (1) Oakdale (1) Oakmont (1) Oreland (2) Ottsville (2) Palmyra (3) Paoli (5) Philadelphia (227) Phoenixville (4) Pittsburgh (94) Pittston (2) Pleasant Hills (2) Plum (3) Plymouth (1) Plymouth Meeting (1) Pocono Summit (1) Pottstown (6) Pottsville (2) Prospect Park (1) Quakertown (4) Reading (10) Richboro (1) Rochester (1) Royersford (2) Sarver (1) Schnecksville (1) Schwenksville (1) Scranton (12) Selinsgrove (3) Sharon (1) Shavertown (2) Shoemakersville (1) Sinking Spring (2) Skippack (2) Slippery Rock (1) Somerset (1) South Mountain (1) South Park (2) Southampton (6) Spring City (3) Spring House (1) Springdale (2) Springfield (2) Star Junction (1) State College (7) Stroudsburg (3) Sugarloaf (1) Swarthmore (2) Tannersville (7) Tarentum (1) Taylor (3) Temple (2) Trexlertown (1) Trooper (2) Tunkhannock (1) Turtle Creek (1) Uniontown (1) Valencia (1) Valley View (1) Vanport (1) Verona (1) Warfordsburg (1) Warminster (9) Warrendale (1) Warrington (1) Washington (7) Wayne (3) West Chester (5) West Pittston (1) West Reading (1) Wexford (5) Whitehall (5) Wilkes Barre (12) Williamsport (3) Willow Grove (4) Willow Street (1) Wind Gap (2) Wyncote (1) Wynnewood (1) Wyoming (1) Wyomissing (1) Yardley (1) York (16) Rhode Island (66) Barrington (1) Central Falls (1) Cranston (15) East Greenwich (1) East Providence (2) Kingston (1) Middletown (1) Newport (2) North Providence (3) Pawtucket (7) Providence (28) Smithfield (2) Warwick (1) West Warwick (1) South Carolina (377) Aiken (8) Anderson (16) Beaufort (2) Belton (1) Bennettsville (1) Bluffton (2) Boiling Springs (3) Camden (1) Cayce (1) Charleston (29) Cheraw (1) Columbia (49) Conway (1) Duncan (1) Easley (8) Fair Play (1) Florence (9) Folly Beach (1) Fort Mill (8) Gaffney (1) Garden City (1) Goose Creek (2) Greeleyville (2) Greenville (32) Greer (7) Hamer (3) Hilton Head Island (8) Inman (1) Irmo (8) Kingstree (1) Lexington (9) Little River (1) Longs (1) Manning (1) Marion (1) Mauldin (1) Moncks Corner (4) Mount Pleasant (9) Murrells Inlet (3) Myrtle Beach (32) North Augusta (9) North Charleston (16) North Myrtle Beach (9) Okatie (1) Orangeburg (1) Pawleys Island (1) Pendleton (1) Piedmont (6) Pineland (1) Powdersville (1) Rock Hill (6) Santee (1) Simpsonville (5) Spartanburg (16) Summerville (11) Sumter (1) Surfside Beach (2) Taylors (5) Timmonsville (1) Townville (2) Warrenville (1) Wellford (1) West Columbia (8) South Dakota (42) Aberdeen (1) Armour (1) Brandon (1) Brookings (5) Deadwood (1) Rapid City (6) Sioux Falls (24) Sturgis (1) Tea (1) Watertown (1) Tennessee (326) Athens (1) Bartlett (2) Blountville (1) Brentwood (5) Bristol (3) Chattanooga (14) Clarksville (18) Cleveland (2) Collierville (2) Columbia (6) Cookeville (2) Cordova (9) Crossville (1) Dickson (2) Dyersburg (1) Franklin (11) Gallatin (4) Germantown (2) Goodlettsville (2) Guild (1) Harriman (3) Hendersonville (9) Hermitage (8) Hixson (4) Hurricane Mills (1) Jackson (1) Jefferson City (1) Johnson City (6) Kingsport (4) Knoxville (46) Lake City (1) Lebanon (3) Madison (4) Maryville (1) Memphis (31) Morristow (2) Mt Juliet (1) Murfreesboro (25) Nashville (56) Newport (3) Niota (2) Pigeon Forge (1) Sevierville (10) Seymour (3) Shelbyville (2) Smyrna (8) Spring Hill (1) Texas (3856) Abilene (9) Addison (16) Allen (32) Alvarado (1) Alvin (1) Amarillo (47) Anahuac (1) Andrews (3) Angleton (1) Anna (2) Arlington (75) Atascocita (1) Athens (1) Austin (201) Azle (4) Baytown (9) Beaumont (25) Bedford (21) Beeville (1) Benbrook (2) Big Spring (4) Boerne (2) Brenham (1) Bridge City (1) Brownsville (13) Bryan (2) Buda (3) Burleson (7) Canton (1) Canyon Lake (1) Carrollton (60) Castle Hills (1) Cedar Hill (2) Cedar Park (19) Clear Lake (6) Cleburne (5) Clute (2) College Station (10) Colleyville (9) Comfort (1) Commerce (1) Conroe (16) Converse (2) Coppell (6) Copperas Cove (1) Corinth (2) Corpus Christi (45) Crosby (2) Cross Roads (1) Cypress (26) Dallas (230) Dalworthington Gardens (3) Decatur (1) Deer Park (5) Del Rio (1) Del Valle (1) Denison (2) Denton (15) Desoto (2) Dickinson (5) Duncanville (3) El Paso (82) Ennis (1) Euless (6) Fairfield (2) Fairview (1) Farmers Branch (8) Floresville (1) Flower Mound (14) Forest Hill (1) Forney (4) Fort Worth (84) Freeport (1) Friendswood (9) Frisco (53) Gainesville (2) Galveston (5) Garland (41) Georgetown (11) Granbury (5) Grand Prairie (13) Grapevine (5) Greenville (11) Gun Barrel City (1) Haltom City (2) Harker Heights (5) Harlingen (2) Helotes (1) Houston (964) Howe (1) Huffman (2) Humble (27) Huntsville (2) Hurst (28) Irving (29) Jacksonville (1) Katy (71) Keller (9) Kemah (1) Kenedy (1) Kerrville (5) Killeen (35) Kingsville (2) Kingwood (2) La Porte (3) Lake Dallas (2) Lake Jackson (7) Lake Worth (3) Laredo (6) Lavon (1) League City (16) Lewisville (41) Liberty (1) Lindale (2) Little Elm (14) Live Oak (2) Longview (10) Lubbock (35) Lufkin (3) Lumberton (3) Magnolia (11) Mansfield (19) Marshall (2) Mcallen (26) Mckinney (51) Melissa (1) Mesquite (16) Midland (54) Midlothian (3) Mission (1) Missouri City (13) Monahans (2) Murphy (3) Nederland (4) New Braunfels (16) North Richland Hills (14) Odessa (54) Orange (8) Palestine (3) Pantego (6) Pasadena (6) Pearland (15) Pecos (3) Pflugerville (11) Plano (115) Pleasanton (1) Port Arthur (4) Princeton (3) Prosper (7) Red Oak (2) Richardson (60) Richland Hills (1) Richmond (4) River Oaks (2) Roanoke (3) Rockwall (11) Rosenberg (9) Rosharon (1) Round Rock (48) Rowlett (6) Royse City (3) Sachse (5) San Angelo (5) San Antonio (229) San Marcos (5) Santa Fe (1) Schertz (1) Seabrook (3) Sherman (7) South Padre Island (1) Southlake (4) Spring (99) Spring Branch (3) Stafford (8) Stephenville (1) Sugar Land (31) Sulphur Springs (1) Sunnyvale (2) Temple (9) Terrell (1) Texarkana (6) Texas City (1) The Colony (11) The Woodlands (3) Tomball (6) Trophy Club (1) Tye (1) Tyler (18) Universal City (8) Van Alstyne (1) Victoria (10) Vidor (1) Waco (18) Watauga (6) Waxahachie (2) Weatherford (7) Webster (16) White Settlement (1) Whitehouse (1) Wichita Falls (17) Willis (3) Wimberley (1) Wolfforth (1) Woodway (2) Wylie (3) Utah (426) American Fork (6) Bountiful (2) Brigham City (1) Cedar City (3) Clearfield (7) Draper (5) Harrisville (2) Holladay (5) Kaysville (2) Layton (16) Lehi (4) Midvale (19) Millcreek (8) Murray (33) Ogden (25) Orem (33) Park City (5) Pleasant Grove (4) Provo (7) Riverton (2) Roy (11) Salt Lake City (110) Sandy (27) South Jordan (10) South Ogden (6) South Salt Lake (10) Spanish Fork (3) St George (27) Syracuse (1) Taylorsville (8) Washington (2) West Jordan (10) West Valley City (12) Vermont (48) Barre (1) Bennington (3) Brandon (1) Brattleboro (7) Burlington (7) Colchester (4) Essex Center (1) Essex Junction (1) Graniteville (1) Jeffersonville (1) Montpelier (3) Norwich (1) Rutland (4) Shelburne (1) South Burlington (5) Springfield (1) West Castleton (1) White River Junction (1) Williston (4) Virginia (1023) Abingdon (2) Alexandria (53) Annandale (31) Arlington (36) Ashburn (7) Ashland (5) Barboursville (1) Bedford (1) Berryville (1) Blacksburg (1) Blackstone (1) Bluefield (1) Boston (1) Bristol (7) Bristow (1) Burke (8) Carrollton (2) Centreville (5) Chantilly (13) Charlottesville (16) Chesapeake (27) Chester (8) Chesterfield (5) Christiansburg (4) Colonial Heights (2) Culpeper (1) Daleville (1) Danville (2) Dinwiddie (1) Dumfries (5) Dunn Loring (3) Emporia (1) Fairfax (55) Falls Church (36) Fishersville (1) Fredericksburg (34) Front Royal (7) Gainesville (4) Glen Allen (5) Gloucester Point (1) Great Falls (1) Hampton (6) Hardy (1) Harrisonburg (8) Hayes (2) Henrico (17) Herndon (32) Highland Springs (1) Lake Ridge (1) Leesburg (4) Lexington (1) Lincoln (1) Lorton (1) Luray (1) Lynchburg (12) Manakin Sabot (1) Manassas (38) Mc Lean (21) Mechanicsville (4) Midlothian (15) Newport (1) Newport News (23) Norfolk (15) Oakton (2) Petersburg (4) Poquoson (1) Portsmouth (20) Reston (8) Richmond (3) Richmond (46) Roanoke (22) Rocky Mount (3) Ruckersville (1) Rustburg (1) Ruther Glen (2) Salem (6) Spotsylvania (2) Springfield (20) Stafford (13) Staunton (2) Stephens City (2) Sterling (19) Strasburg (1) Suffolk (3) Tappahannock (1) Troutville (1) Vienna (52) Vinton (2) Virginia Beach (100) Warrenton (6) Williamsburg (8) Winchester (15) Woodbridge (43) Wytheville (1) Yorktown (10) Washington (1480) Aberdeen (2) Airway Heights (1) Anacortes (2) Arlington (5) Auburn (25) Bainbridge Island (1) Battle Ground (2) Bellevue (110) Bellingham (26) Black Diamond (1) Bonney Lake (3) Bothell (15) Bremerton (11) Burien (31) Burlington (6) Camas (2) Centralia (1) Covington (2) Des Moines (2) East Wenatchee (1) Edgewood (2) Edmonds (7) Enumclaw (1) Everett (73) Fall City (1) Federal Way (61) Ferndale (2) Fife (9) Gig Harbor (5) Graham (3) Issaquah (13) Kenmore (5) Kennewick (36) Kent (27) Kirkland (45) Lacey (16) Lake City (2) Lake Forest Park (1) Lake Stevens (2) Lakewood (38) Longview (9) Lynnwood (33) Marysville (19) Mercer Island (2) Mill Creek (2) Milton (3) Monroe (5) Moses Lake (3) Mount Vernon (8) Mountlake Terrace (4) Mukilteo (3) Normandy Park (2) North Bend (1) Oak Harbor (3) Olympia (31) Othello (1) Port Angeles (1) Port Orchard (6) Port Townsend (1) Poulsbo (1) Pullman (1) Puyallup (32) Raymond (2) Redmond (28) Renton (58) Richland (12) Roy (1) Seatac (3) Seattle (251) Sequim (3) Shoreline (16) Silverdale (6) Smokey Point (1) Snohomish (3) Spanaway (10) Spokane (43) Spokane Valley (24) Stanwood (2) Tacoma (94) Tukwila (9) Tumwater (3) University Place (11) Vancouver (87) Washougal (1) Wenatchee (12) Woodinville (4) Yakima (25) Yelm (2) West Virginia (45) Barboursville (2) Bridgeport (1) Charles Town (1) Charleston (10) Clarksburg (1) Elkins (1) Fairmont (1) Huntington (4) Hurricane (1) Kearneysville (4) Martinsburg (3) Morgantown (9) Parkersburg (1) Triadelphia (1) Wheeling (5) Wisconsin (411) Altoona (1) Appleton (43) Beaver Dam (2) Beloit (3) Brookfield (8) Burlington (1) Chippewa Falls (2) Colfax (1) Cross Plains (3) De Pere (1) Eau Claire (6) Elkhorn (1) Fitchburg (3) Fond Du Lac (4) Fort Atkinson (1) Germantown (3) Glendale (1) Grafton (1) Green Bay (36) Greenfield (8) Hales Corners (4) Hayward (1) Hudson (5) Janesville (8) Kaukauna (5) Kenosha (16) Kewaskum (1) La Crosse (8) Lake Geneva (2) Madison (49) Manitowoc (1) Marinette (1) Marshfield (1) Mcfarland (2) Menasha (2) Menomonee Falls (5) Menomonie (1) Middleton (2) Milwaukee (41) Monona (4) Mount Pleasant (5) Muskego (1) Neenah (2) New Berlin (9) Oak Creek (3) Oconomowoc (1) Oshkosh (8) Pewaukee (2) Plover (2) Portage (3) Racine (9) Rice Lake (1) Sauk City (1) Schofield (1) Sheboygan (1) Sparta (2) Stevens Point (4) Stoughton (2) Sun Prairie (8) Superior (1) Sussex (1) Verona (1) Watertown (6) Waukesha (13) Waupaca (1) Wausau (7) Wauwatosa (9) West Allis (13) West Bend (2) Wisconsin Rapids (4) Wyoming (50) Casper (16) Cheyenne (16) Douglas (1) Evansville (1) Gillete (3) Gillette (2) Jackson (4) Laramie (2) Riverton (1) Rock Springs (1) Sheridan (3) Latest Reviews Around You MPs Near You Latest Reviews Around You Massage Parlors Near You Newest Reviews In US Newest Massage Parlors In US Newest MPs In US 1 2 3 R&R Massage 5747 Samuel Blvd #800 Dallas, Texas Today Tina $60 6,821.4 mi Health And Beauty Center 5338 Fountain Avenue Los Angeles, California Today Natalie $60 5,951.9 mi Gold Club Massage 3151 N Drake Ave Chicago, Illinois Today Coco $65 6,524.9 mi Mays Beauty Salon 295 Broome Street New York City, New York Today Nana $50 6,867.7 mi Coral Essex Spa 123 Essex St. 2FL New York City, New York Today Sherry $70 6,867.7 mi Cherry massage therapy 9819 16th ave sw Seattle, Washington Today May $60 5,174.5 mi Peach Blossom Spa 2809 Throndyke Ave Seattle, Washington Today Cindy $70 5,167.7 mi PL Acupuncture Health Center 2217 N Broadway  Los Angeles, California Today May $50 5,956.5 mi Sun Star Health Center 2545 Noriega St.  San Francisco, California Today Helen $60 5,608.5 mi Wharf Spa 11919 Wilshire Blvd Los Angeles, California Today Bella $60 5,947.6 mi OASIS SPA 1640 NorthSide Dr Atlanta, Georgia Today Lucky $65 7,109.4 mi Halsted Spa 2607 S Halsted St Chicago, Illinois Today Jenny $65 6,532.3 mi K-J Thai Massage 14800 Westheimer Rd, Suite J Houston, Texas Today Lucy $60 7,032.0 mi Flamingo Spa 2822 N 32nd St, Suite 5 Phoenix, Arizona Today Sarah $60 6,235.4 mi Smile Spa 8855 Balboa Ave. #H San Diego, California Today Anna $70 6,061.5 mi Sugar Spa 6650 Flanders Drive Suite E San Diego, California Today Kiki $70 6,055.8 mi MEI MEI BEAUTY LLC 3962 Whittier Blvd Los Angeles, California Today Lily $80 5,960.2 mi Beauty Health Spa 124 Fulton St. New York City, New York Today Tina $70 6,868.1 mi Star Massage 3825 Richmond Ave Houston, Texas Today Jenny $60 7,039.0 mi Garnet Spa 2830 Garnet Ave Ste 200 San Diego, California Today Cici $60 6,058.8 mi Luxury Feet Massage 2338 Taraval St. San Francisco, California Today Vivi $50 5,608.9 mi The Berlin Spa 7950 E Mississippi Ave Suite F Denver, Colorado Today Cici $60 6,167.6 mi Sky Tree Spa 252 West 31st St  2nd fl New York City, New York Today Summer $50 6,865.6 mi M&J MEN'S SPA 247 W 38th St Suite 612 New York City, New York Today Coco $70 6,865.4 mi Emerald Spa 441 Stockton St San Francisco, California Today Tina $60 5,610.2 mi Fine Touch Wellness 1515 Palm Ave Suite G San Diego, California Today Cindy $100 6,074.5 mi La day spa 212 S Atlantic Blvd #107 Los Angeles, California Today wendy $60 5,961.1 mi Meili Spa 1642 South Parker Rd #300 Denver, Colorado Today Bobo $60 6,168.4 mi I win foot massage 2566 Shallowford road #108 Atlanta, Georgia Today Coco $50 7,108.4 mi 7 Date Massage 3408 S. Ashland Ave. Chicago, Illinois Today Coco $60 6,532.6 mi Dragon Healthy Spa 3962 N Elston Ave Chicago, Illinois Today Cici $65 6,524.0 mi Luxury Massage 1435 S Wirt Rd Houston, Texas Today Jenny $70 7,033.8 mi Tranquility Massage Texas 12655 N Central Expy Dallas, Texas Today Leah $60 6,811.9 mi Sun Spa 7090 Miramar Rd Ste 101 San Diego, California Today Lulu $70 6,057.6 mi #1 Foot Relax 11900 Beechnut st Houston, Texas Today Tina $40 7,036.6 mi The Spa 744 G St, #101 San Diego, California Today Yoyo $70 6,065.9 mi QQ spa 2950 El Cajon Blvd San Diego, California Today may $70 6,064.9 mi Chicago Massage 6009 W Diversey Ave Unit B Chicago, Illinois Today Jessica $60 6,524.0 mi Comfy Spa 5201 Linda Vista Rd Ste 104 San Diego, California Yesterday Joy $70 6,061.7 mi River Spa 9353 Clairemont Mesa Blvd Suite N San Diego, California Yesterday Vivi $70 6,061.4 mi WildWood Spa 6904 Miramar Rd Suite #206 San Diego, California Yesterday Eva $60 6,057.4 mi Lucky Massage 7134 Campbell Rd. Suite D Dallas, Texas Yesterday May $70 6,808.0 mi Oxford Spa 3542 W 8th St #A Los Angeles, California Yesterday Tiffany $50 5,953.6 mi Oriental Spa 1860 Glendale Blvd Los Angeles, California Yesterday Angela $60 5,954.1 mi ST Jame Spa 1907 Piedmont Rd Atlanta, Georgia Yesterday Coco $80 7,109.8 mi 1 2 3 RubMaps is your #1 massage parlor locator. The site is updated daily with the best massage reviews from your area, which include body to body massages, prostate massages, nuru massages and hot massages. Members have the flexibility to use the advanced massage search features to find  massage spas and reviews to fit their particular taste and needs. Massage parlors - popular cities Anaheim massage parlors (154) Anchorage massage parlors (58) Atlanta massage parlors (109) Atlantic City massage parlors (29) Austin massage parlors (201) Baltimore massage parlors (38) Boston massage parlors (76) Bridgeport massage parlors (13) Bridgeport massage parlors (2) Brooklyn massage parlors (410) Charlotte massage parlors (88) Chicago massage parlors (498) Colorado Springs massage parlors (112) Costa Mesa massage parlors (94) Dallas massage parlors (238) Denver massage parlors (186) Edison massage parlors (47) Flushing massage parlors (308) Fort Lauderdale massage parlors (117) Fresno massage parlors (223) Garden Grove massage parlors (145) Honolulu massage parlors (316) Houston massage parlors (979) Indianapolis massage parlors (208) Irvine massage parlors (53) Jacksonville massage parlors (93) Jacksonville massage parlors (11) Las Vegas massage parlors (437) Los Angeles massage parlors (610) Miami massage parlors (225) Minneapolis massage parlors (79) New Orleans massage parlors (43) New York City massage parlors (434) Orlando massage parlors (149) Philadelphia massage parlors (229) Phoenix massage parlors (128) Pittsburgh massage parlors (94) Providence massage parlors (28) Sacramento massage parlors (307) San Antonio massage parlors (234) San Diego massage parlors (497) San Francisco massage parlors (201) Terms and conditions I'M OVER 18 I agree to the terms and conditions or leave website