Tamil Daily Calendar 2026 - 2005 தமிழ் தினசரி காலண்டர் 2026 - 2005 Tamil Daily Calendar 2026 - 2005 Home Tamil Calendar Today Tamil Daily Calendar Tamil Calendar Today Tamil Calendar Tomorrow Tamil Calendar Yesterday Tamil Daily Calendar 2025 Tamil Daily Calendar 2024 Tamil Daily Calendar 2023 Tamil Daily Calendar 2022 Tamil Daily Calendar 2021 Tamil Daily Calendar 2020 Tamil Daily Calendar 2019 Tamil Daily Calendar 2018 Tamil Daily Calendar 2017 Tamil Daily Calendar 2016 Tamil Daily Calendar 2015 Tamil Daily Calendar 2014 Tamil Daily Calendar 2013 Tamil Daily Calendar 2012 Tamil Daily Calendar 2011 Tamil Daily Calendar 2010 Tamil Daily Calendar 2009 Tamil Daily Calendar 2008 Tamil Daily Calendar 2007 Tamil Daily Calendar 2006 Tamil Daily Calendar 2005 Tamil Monthly Calendar Tamil Monthly Calendar 2026 Tamil Monthly Calendar 2025 Tamil Monthly Calendar 2024 Tamil Monthly Calendar 2023 Tamil Monthly Calendar 2022 Tamil Monthly Calendar 2021 Tamil Monthly Calendar 2020 Tamil Monthly Calendar 2019 Tamil Monthly Calendar 2018 Tamil Monthly Calendar 2017 Tamil Monthly Calendar 2016 Tamil Monthly Calendar 2015 Tamil Monthly Calendar 2014 Tamil Monthly Calendar 2013 Tamil Monthly Calendar 2012 Tamil Monthly Calendar 2011 Tamil Monthly Calendar 2010 Tamil Monthly Calendar 2009 Tamil Monthly Calendar 2008 Tamil Monthly Calendar 2007 Tamil Monthly Calendar 2006 Tamil Monthly Calendar 2005 Tamil Muhurtham Dates Tamil Muhurtham Dates 2026 Tamil Muhurtham Dates 2025 Tamil Muhurtham Dates 2024 Tamil Muhurtham Dates 2023 Tamil Muhurtham Dates 2022 Tamil Muhurtham Dates 2021 Tamil Muhurtham Dates 2020 Tamil Muhurtham Dates 2019 Tamil Muhurtham Dates 2018 Tamil Muhurtham Dates 2017 Tamil Muhurtham Dates 2016 Tamil Muhurtham Dates 2015 Tamil Muhurtham Dates 2014 Tamil Muhurtham Dates 2013 Tamil Muhurtham Dates 2012 Tamil Muhurtham Dates 2011 Tamil Muhurtham Dates 2010 Tamil Muhurtham Dates 2009 Tamil Muhurtham Dates 2008 Tamil Wedding Dates Tamil Wedding Dates 2026 Tamil Wedding Dates 2025 Tamil Wedding Dates 2024 Tamil Wedding Dates 2023 Tamil Wedding Dates 2022 Tamil Wedding Dates 2021 Tamil Wedding Dates 2020 Tamil Wedding Dates 2019 Tamil Wedding Dates 2018 Tamil Wedding Dates 2017 Tamil Wedding Dates 2016 Tamil Wedding Dates 2015 Tamil Wedding Dates 2014 Tamil Wedding Dates 2013 Tamil Wedding Dates 2012 Tamil Wedding Dates 2011 Tamil Wedding Dates 2010 Tamil Wedding Dates 2009 Tamil Wedding Dates 2008 Tamil Festival Dates Tamil Festival Dates 2025 Tamil Festival Dates 2024 Tamil Festival Dates 2023 Tamil Festival Dates 2022 Tamil Festival Dates 2021 Tamil Festival Dates 2020 Tamil Festival Dates 2019 Tamil Festival Dates 2018 Tamil Festival Dates 2017 Tamil Festival Dates 2016 Pournami Pournami 2026 Pournami 2025 Pournami 2024 Pournami 2023 Pournami 2022 Pournami 2021 Pournami 2020 Pournami 2019 Pournami 2018 Pournami 2017 Pournami 2016 Pournami 2015 Pournami 2014 Pournami 2013 Pournami 2012 Pournami 2011 Amavasai Amavasai 2026 Amavasai 2025 Amavasai 2024 Amavasai 2023 Amavasai 2022 Amavasai 2021 Amavasai 2020 Amavasai 2019 Amavasai 2018 Amavasai 2017 Amavasai 2016 Amavasai 2015 Amavasai 2014 Amavasai 2013 Amavasai 2012 Amavasai 2011 Pradosham Pradosham 2026 Pradosham 2025 Pradosham 2024 Pradosham 2023 Pradosham 2022 Pradosham 2021 Pradosham 2020 Pradosham 2019 Pradosham 2018 Pradosham 2017 Pradosham 2016 Pradosham 2015 Pradosham 2014 Pradosham 2013 Pradosham 2012 Pradosham 2011 Karinal Karinal 2026 Karinal 2025 Karinal 2024 Karinal 2023 Karinal 2022 Karinal 2021 Karinal 2020 Karinal 2019 Karinal 2018 TN Govt Holidays Tamil Nadu Government Holidays 2025 Tamil Nadu Government Holidays 2024 Tamil Nadu Government Holidays 2023 Tamil Nadu Government Holidays 2022 Tamil Nadu Government Holidays 2021 Tamil Nadu Government Holidays 2020 Tamil Nadu Government Holidays 2019 Tamil Nadu Government Holidays 2018 Tamil Nadu Government Holidays 2017 Tamil Nadu Government Holidays 2016 Contact Us About Us Rasi Palan Today Rasi Palan Weekly Rasi Palan Monthly Rasi Palan Yearly Rasi Palan 2025 Yearly Rasi Palan 2026 Guru Peyarchi Palan 2025 - 2026 Ragu Kethu Peyarchi Palan 2025 - 2026 Sani Peyarchi Palan 2025 - 2028 Numerology Thirumana Porutham Astrologer Contact Indian Time Now : 31-Dec-2025 05:19:06 31 1 2 3 4 5 6 7 8 9 10 11 12 13 14 15 16 17 18 19 20 21 22 23 24 25 26 27 28 29 30 31 12 (December) 01 (January) 02 (February) 03 (March) 04 (April) 05 (May) 06 (June) 07 (July) 08 (August) 09 (September) 10 (October) 11 (November) 12 (December) 2025 2026 2025 2024 2023 2022 2021 2020 2019 2018 2017 2016 2015 2014 2013 2012 2011 2010 2009 2008 2007 2006 2005 Yesterday | Today | Tomorrow Previous Day | Next Day 31 December 2025 Wednesday தேதி Date 16 - மார்கழி - விசுவாவசு புதன் இன்று Today கார்த்திகை விரதம் நல்ல நேரம் Nalla Neram 09:15 - 10:15 கா / AM 04:45 - 05:45 மா / PM கௌரி நல்ல நேரம் Gowri Nalla Neram 02:00 - 03:00 கா / AM 06:30 - 07:30 மா / PM இராகு காலம் Raahu Kaalam 12.00 - 01.30 எமகண்டம் Yemagandam 07.30 - 09.00 குளிகை Kuligai 10.30 - 12.00 சூலம் Soolam வடக்கு Vadakku பரிகாரம் Parigaram பால் Paal சந்திராஷ்டமம் Chandirashtamam சித்திரை சுவாதி நாள் Naal கீழ் நோக்கு நாள் லக்னம் Lagnam தனுர் லக்னம் இருப்பு நாழிகை 02 வினாடி 45 சூரிய உதயம் Sun Rise 06:26 கா / AM ஸ்ரார்த திதி Sraardha Thithi துவாதசி திதி Thithi இன்று அதிகாலை 01:34 AM வரை ஏகாதசி பின்பு துவாதசி இன்று இரவு 11:16 PM வரை, பின்பு திரயோதசி நட்சத்திரம் Star இன்று அதிகாலை 01:03 AM வரை பரணி பின்பு கார்த்திகை இன்று இரவு 11:26 PM வரை, பின்பு ரோகிணி சுபகாரியம் Subakariyam கலை பயில, புது கணக்கு எழுத, பொன் வாங்க சிறந்த நாள் Tamil Rasi Palan : தமிழ் ராசி பலன் Daily Rasi Palan இன்றைய ராசி பலன் Weekly Rasi Palan வார ராசி பலன் Monthly Rasi Palan மாத ராசி பலன் Yearly Rasi Palan ஆண்டு ராசி பலன் Guru Peyarchi Palan குரு பெயர்ச்சி பலன் Raagu Kethu Peyarchi Palan ராகு கேது பெயர்ச்சி பலன் Sani Peyarchi Palan சனி பெயர்ச்சி பலன் Tamil Calendar December 2025 Amavasai 19-Dec-2025 Friday Pournami 04-Dec-2025 Thursday Karthigai 03-Dec-2025 Wednesday 31-Dec-2025 Wednesday Sashti Viradham 25-Dec-2025 Thursday Sankatahara Chathurthi 08-Dec-2025 Monday Chathurthi 24-Dec-2025 Wednesday Pradosham 02-Dec-2025 Tuesday 17-Dec-2025 Wednesday Thiruvonam 23-Dec-2025 Tuesday Maadha Sivarathiri 18-Dec-2025 Thursday Ekadhasi 01-Dec-2025 Monday 15-Dec-2025 Monday 30-Dec-2025 Tuesday Ashtami 12-Dec-2025 Friday 27-Dec-2025 Sunday Navami 13-Dec-2025 Saturday 28-Dec-2025 Monday Govt Holidays 25-Dec-2025 Thursday கிறிஸ்துமஸ் பண்டிகை Christmas Day Wedding Days 01-Dec-2025 Monday வளர்பிறை Valarpirai 08-Dec-2025 Monday தேய்பிறை Theipirai 10-Dec-2025 Wednesday தேய்பிறை Theipirai 14-Dec-2025 Sunday தேய்பிறை Theipirai 15-Dec-2025 Monday தேய்பிறை Theipirai Festivals 03-Dec-2025 Wednesday திருக்கார்த்திகை Karthigai 19-Dec-2025 Friday அனுமன் ஜெயந்தி Hanuman Jayanthi 25-Dec-2025 Thursday கிறிஸ்துமஸ் பண்டிகை Christmas 30-Dec-2025 Tuesday வைகுண்ட ஏகாதசி Vaigunda Egadasi Monthly Special Days : Tamil Calendar January 2025 >> Tamil Calendar January 2025 Amavasai 29-Jan-2025 Wednesday Pournami 13-Jan-2025 Monday Karthigai 09-Jan-2025 Thursday Sashti Viradham 05-Jan-2025 Sunday Sankatahara Chathurthi 17-Jan-2025 Friday Chathurthi 03-Jan-2025 Friday Pradosham 11-Jan-2025 Saturday 27-Jan-2025 Monday Thiruvonam 02-Jan-2025 Thursday 29-Jan-2025 Friday Maadha Sivarathiri 27-Jan-2025 Monday Ekadhasi 10-Jan-2025 Friday 25-Jan-2025 Saturday Ashtami 07-Jan-2025 Tuesday 22-Jan-2025 Wednesday Navami 08-Jan-2025 Wednesday 23-Jan-2025 Thursday Govt Holidays 01-Jan-2025 Wednesday ஆங்கிலப் புத்தாண்டு New Years Day 14-Jan-2025 - Tuesday பொங்கல் Pongal 15-Jan-2025 - Wednesday மாட்டுப் பொங்கல் Maattu Pongal 15-Jan-2025 - Wednesday திருவள்ளுவர் தினம் Thiruvalluvar Day 16-Jan-2025 - Thursday உழவர் திருநாள் Uzhavar Thirunal 26-Jan-2025 - Sunday குடியரசு தினம் Republic Day Wedding Days 19-Jan-2025 Sunday தேய்பிறை Theipirai 20-Jan-2025 Monday தேய்பிறை Theipirai 31-Jan-2025 Friday வளர்பிறை Valarpirai Festivals 10-Jan-2025 Friday வைகுண்ட ஏகாதசி Vaigunda Egadhasi 13-Jan-2025 Monday போகிப் பண்டிகை Bogi Pandigai 14-Jan-2024 Tuesday தைப் பொங்கல் Thai Pongal 15-Jan-2025 Wednesday மாட்டுப் பொங்கல் Mattu Pongal 15-Jan-2025 Wednesday திருவள்ளுவர் தினம் Thiruvalluvar Day 16-Jan-2025 Thursday காணும் பொங்கல் Kaanum Pongal 16-Jan-2025 Thursday உழவர் திருநாள் Uzhavar Thirunal 29-Jan-2025 Wednesday தை அமவாசை Thai Amavasai Tamil Daily Calendar January 2025 Tamil Monthly Calendar January 2025 Tamil Calendar February 2025 >> Tamil Calendar February 2025 Amavasai 27-Feb-2025 Thursday Pournami 12-Feb-2025 Wednesday Karthigai 06-Feb-2025 Thursday Sashti Viradham 03-Feb-2025 Monday Sankatahara Chathurthi 16-Feb-2025 Sunday Chathurthi 02-Feb-2025 Sunday Pradosham 10-Feb-2025 Monday 25-Feb-2025 Tuesday Thiruvonam 25-Feb-2025 Tuesday Maadha Sivarathiri 26-Feb-2025 Wednesday Ekadhasi 08-Feb-2025 Saturday 24-Feb-2025 Monday Ashtami 05-Feb-2025 Wednesday 20-Feb-2025 Thursday Navami 06-Feb-2025 Thursday 21-Feb-2025 Friday Govt Holidays 11-Feb-2025 Tuesday தைப்பூசம் Thaippoosam Wedding Days 02-Feb-2025 Sunday வளர்பிறை Valarpirai 03-Feb-2025 Monday வளர்பிறை Valarpirai 10-Feb-2025 Monday வளர்பிறை Valarpirai 16-Feb-2025 Sunday தேய்பிறை Theipirai 17-Feb-2025 Monday தேய்பிறை Theipirai 23-Feb-2025 Sunday தேய்பிறை Theipirai 26-Feb-2025 Wednesday தேய்பிறை Theipirai Festivals 04-Feb-2025 Tuesday ரதசப்தமி Radhasapthami 11-Feb-2025 Tuesday தைப்பூசம் Thaipoosam 26-Feb-2025 Wednesday மஹா சிவராத்திரி Maha Sivarathiri Tamil Daily Calendar February 2025 Tamil Monthly Calendar February 2025 Tamil Calendar March 2025 >> Tamil Calendar March 2025 Amavasai 29-Mar-2025 Saturday Pournami 13-Mar-2025 Thursday Karthigai 05-Mar-2025 Wednesday Sashti Viradham 05-Mar-2025 Wednesday Sankatahara Chathurthi 17-Mar-2025 Monday Chathurthi 03-Mar-2025 Monday Pradosham 11-Mar-2025 Tuesday 27-Mar-2025 Thursday Thiruvonam 25-Mar-2025 Tuesday Maadha Sivarathiri 27-Mar-2025 Thursday Ekadhasi 10-Mar-2025 Monday 25-Mar-2025 Tuesday Ashtami 07-Mar-2025 Friday 22-Mar-2025 Saturday Navami 08-Mar-2025 Saturday 23-Mar-2025 Sunday Govt Holidays 30-Mar-2025 Sunday தெலுங்கு வருடப் பிறப்பு Telugu New Years Day 31-Mar-2025 Monday ரமலான் பண்டிகை Ramzan Festival Wedding Days 02-Mar-2025 Sunday வளர்பிறை Valarpirai 03-Mar-2025 Monday வளர்பிறை Valarpirai 09-Mar-2025 Sunday வளர்பிறை Valarpirai 10-Mar-2025 Monday வளர்பிறை Valarpirai 12-Mar-2025 Wednesday வளர்பிறை Valarpirai 16-Mar-2025 Sunday தேய்பிறை Theipirai 17-Mar-2025 Monday தேய்பிறை Theipirai Festivals 12-Mar-2025 Wednesday மாசி மகம் Maasi Magam 13-Mar-2025 Thursday ஹோலி பண்டிகை Holi Festival 30-Mar-2025 Sunday தெலுங்கு வருட பிறப்பு Telugu New Year Tamil Daily Calendar March 2025 Tamil Monthly Calendar March 2025 Tamil Calendar April 2025 >> Tamil Calendar April 2025 Amavasai 27-Apr-2025 Sunday Pournami 12-Apr-2025 Saturday Karthigai 01-Apr-2025 Tuesday 29-Apr-2025 Tuesday Sashti Viradham 03-Apr-2025 Thursday Sankatahara Chathurthi 16-Apr-2025 Wednesday Chathurthi 01-Apr-2025 Tuesday Pradosham 10-Apr-2025 Thursday 25-Apr-2025 Friday Thiruvonam 21-Apr-2025 Monday Maadha Sivarathiri 26-Apr-2025 Saturday Ekadhasi 08-Apr-2025 Tuesday 24-Apr-2025 Thursday Ashtami 05-Apr-2025 Saturday 21-Apr-2025 Monday Navami 06-Apr-2025 Sunday 22-Apr-2025 Tuesday Govt Holidays 10-Apr-2025 Thursday மஹாவீர் ஜெயந்தி Mahaveer Jayanthi 14-Apr-2025 Monday தமிழ் வருடப் பிறப்பு Tamil New Year Day 14-Apr-2025 Monday Dr. அம்பேத்கர் பிறந்த நாள் Dr. B. R. Ambedkars Birthday 21-Apr-2025 Sunday புனித வெள்ளி Good Friday Wedding Days 04-Apr-2025 Friday வளர்பிறை Valarpirai 07-Apr-2025 Monday வளர்பிறை Valarpirai 09-Apr-2025 Wednesday வளர்பிறை Valarpirai 11-Apr-2025 Friday வளர்பிறை Valarpirai 16-Apr-2025 Wednesday தேய்பிறை Theipirai 18-Apr-2025 Friday தேய்பிறை Theipirai 23-Apr-2025 Wednesday தேய்பிறை Theipirai 25-Apr-2025 Friday தேய்பிறை Theipirai 30-Apr-2025 Wednesday வளர்பிறை Valarpirai Festivals 06-Apr-2025 Sunday ஸ்ரீராம நவமி Sri Ram Navami 11-Apr-2025 Friday பங்குனி உத்திரம் Panguni Uthiram 14-Apr-2025 Monday தமிழ் வருடப்பிறப்பு Tami New Year 30-Apr-2025 Wednesday அட்சய திரிதியை Akshaya Thirithiyai Tamil Daily Calendar April 2025 Tamil Monthly Calendar April 2025 Tamil Calendar May 2025 >> Tamil Calendar May 2025 Amavasai 26-May-2025 Monday Pournami 12-May-2025 Monday Karthigai 26-May-2025 Monday Sashti Viradham 03-May-2025 Saturdady Sankatahara Chathurthi 16-May-2025 Friday Chathurthi 01-May-2025 Thursday 30-May-2025 Friday Pradosham 10-May-2025 Saturday 24-May-2025 Saturday Thiruvonam 18-May-2025 Sunday Maadha Sivarathiri 25-May-2025 Sunday Ekadhasi 08-May-2025 Thursday 23-May-2025 Friday Ashtami 04-May-2025 Saturday 20-May-2025 Tuesday Navami 05-May-2025 Monday 21-May-2025 Wednesday Govt Holidays 01-May-2025 Thursday மே தினம் May Day Wedding Days 04-May-2025 Sunday வளர்பிறை Valarpirai 09-May-2025 Friday வளர்பிறை Valarpirai 11-May-2025 Sunday வளர்பிறை Valarpirai 14-May-2025 Wednesday தேய்பிறை Theipirai 16-May-2025 Friday தேய்பிறை Theipirai 18-May-2025 Sunday தேய்பிறை Theipirai 19-May-2025 Monday தேய்பிறை Theipirai 23-May-2025 Friday தேய்பிறை Theipirai 28-May-2025 Wednesday வளர்பிறை Valarpirai Festivals 04-May-2025 Sunday அக்னி நட்சத்திரம் ஆரம்பம் Agni Natchathiram Begins 08-May-2025 Thursday ஸ்ரீமீனாட்சி திருக்கல்யாணம் Meenatchi Thirukkalyanam 11-May-2025 Sunday ஸ்ரீகள்ளழகர் எதிர்ஸேவை Kallazhagar Edhir Sevai 12-May-2025 Monday ஸ்ரீகள்ளழகர் வைகை எழுந்தருளல் Kallazhagar Vaigai Ezhundharulal 28-May-2025 Wednesday அக்னி நட்சத்திரம் முடிவு Agni Natchathiram Ends Tamil Daily Calendar May 2025 Tamil Monthly Calendar May 2025 Tamil Calendar June 2025 >> Tamil Calendar June 2025 Amavasai 25-Jun-2025 Wednesday Pournami 10-Jun-2025 Tuesday Karthigai 22-Jun-2025 Sunday Sashti Viradham 01-Jun-2025 Sunday Sankatahara Chathurthi 14-Jun-2025 Saturday Chathurthi 29-Jun-2025 Sunday Pradosham 08-Jun-2025 Sunday 23-Jun-2025 Monday Thiruvonam 15-Jun-2025 Sunday Maadha Sivarathiri 23-Jun-2025 Monday Ekadhasi 07-Jun-2025 Saturday 21-Jun-2025 Saturday Ashtami 03-Jun-2025 Tuesday 18-Jun-2025 Wednesday Navami 04-Jun-2025 Wednesday 19-Jun-2025 Thursday Govt Holidays 07-Jun-2025 Saturday பக்ரீத் பண்டிகை Bakrid Festival Wedding Days 05-Jun-2025 Thursday வளர்பிறை Valarpirai 06-Jun-2025 Friday வளர்பிறை Valarpirai 08-Jun-2025 Sunday வளர்பிறை Valarpirai 16-Jun-2025 Monday தேய்பிறை Theipirai 27-Jun-2025 Friday வளர்பிறை Valarpirai Festivals 09-Jun-2025 Monday வைகாசி விசாகம் Vaigaasi Visaagam Tamil Daily Calendar June 2025 Tamil Monthly Calendar June 2025 Tamil Calendar July 2025 >> Tamil Calendar July 2025 Amavasai 24-Jul-2025 Thursday Pournami 10-Jul-2025 Thursday Karthigai 20-Jul-2025 Sunday Sashti Viradham 01-Jul-2025 Tuesday 30-Jul-2025 Wednesday Sankatahara Chathurthi 2025 Jul 14 Mon 14-Jul-2025 Monday Chathurthi 2025 Jul 28 Mon 28-Jul-2025 Monday Pradosham 08-Jul-2025 Tuesday 22-Jul-2025 Tuesday Thiruvonam 12-Jul-2025 Saturday Maadha Sivarathiri 23-Jul-2025 Wednesday Ekadhasi 06-Jul-2025 Sunday 21-Jul-2025 Monday Ashtami 03-Jul-2025 Thursday 18-Jul-2025 Friday Navami 04-Jul-2025 Friday 19-Jul-2025 Saturday Govt Holidays 06-Jul-2025 Sunday முஹர்ரம் பண்டிகை Muharram Festival Wedding Days 02-Jul-2025 Wednesday வளர்பிறை Valarpirai 07-Jul-2025 Monday வளர்பிறை Valarpirai 13-Jul-2025 Sunday தேய்பிறை Theipirai 14-Jul-2025 Monday தேய்பிறை Theipirai 16-Jul-2025 Wednesday தேய்பிறை Theipirai Festivals 02-Jul-2025 Wednesday ஆனி உத்திர தரிசனம் Aani Uthira Dharisanam 28-Jul-2025 Monday ஆடிப்பூரம் Aadippooram Tamil Daily Calendar July 2025 Tamil Monthly Calendar July 2025 Tamil Calendar August 2025 >> Tamil Calendar August 2025 Amavasai 22-Aug-2025 Friday Pournami 08-Aug-2025 Friday Karthigai 16-Aug-2025 Saturday Sashti Viradham 29-Aug-2025 Friday Sankatahara Chathurthi 12-Aug-2025 Tuesday Chathurthi 27-Aug-2025 Wednesday Pradosham 06-Aug-2025 Wednesday 20-Aug-2025 Wednesday Thiruvonam 08-Aug-2025 Friday Maadha Sivarathiri 21-Aug-2025 Thursday Ekadhasi 05-Aug-2025 Tuesday 19-Aug-2025 Tuesday Ashtami 01-Aug-2025 Friday 16-Aug-2025 Saturday 31-Aug-2025 Sunday Navami 02-Aug-2025 Saturday 17-Aug-2025 Sunday Govt Holidays 15-Aug-2025 Friday சுதந்திர தினம் Independence Day 16-Aug-2025 Saturday கிருஷ்ண ஜெயந்தி Krishna Jayanthi 27-Aug-2025 Wednesday விநாயகர் சதுர்த்தி Vinayakar Chaturthi Wedding Days 20-Aug-2025 Wednesday தேய்பிறை Theipirai 21-Aug-2025 Thursday தேய்பிறை Theipirai 27-Aug-2025 Wednesday வளர்பிறை Valarpirai 28-Aug-2025 Thursday வளர்பிறை Valarpirai 29-Aug-2025 Friday வளர்பிறை Valarpirai Festivals 03-Aug-2025 Sunday ஆடிப்பெருக்கு விழா Aadipperukku 08-Aug-2025 Friday வரலட்சுமி விரதம் Varalakshmi Viradham 09-Aug-2025 Saturday ஆவணி அவிட்டம் Aavani Avittam 12-Aug-2025 Tuesday மஹாசங்கடஹர சதுர்த்தி Mahasankadahara Chathurthi 16-Aug-2025 Saturday கோகுலாஷ்டமி Gokulashtami 27-Aug-2025 Wednesday விநாயகர் சதுர்த்தி Vinayagar Chathurthi Tamil Daily Calendar August 2025 Tamil Monthly Calendar August 2025 Tamil Calendar September 2025 >> Tamil Calendar September 2025 Amavasai 21-Sep-2025 Sunday Pournami 07-Sep-2025 Sunday Karthigai 12-Sep-2025 Friday Sashti Viradham 28-Sep-2025 Sunday Sankatahara Chathurthi 10-Sep-2025 Wednesday Chathurthi 25-Sep-2025 Thursday Pradosham 05-Sep-2025 Friday 19-Sep-2025 Friday Thiruvonam 05-Sep-2025 Friday Maadha Sivarathiri 20-Sep-2025 Saturday Ekadhasi 03-Sep-2025 Wednesday 17-Sep-2025 Wednesday Ashtami 14-Sep-2025 Sunday 30-Sep-2025 Tuesday Navami 01-Sep-2025 Monday 15-Sep-2025 Monday Govt Holidays 05-Sep-2025 Friday மீலாது நபி Milad-un-Nabi Wedding Days 04-Sep-2025 Thursday வளர்பிறை Valarpirai 14-Sep-2025 Sunday தேய்பிறை Theipirai Festivals 05-Sep-2025 Friday ஓணம் பண்டிகை Onam 21-Sep-2025 Sunday மகாளய அமாவாசை Mahalaya Amavasai 22-Sep-2025 Monday நவராத்திரி ஆரம்பம் Navaratri Begins Tamil Daily Calendar September 2025 Tamil Monthly Calendar September 2025 Tamil Calendar October 2025 >> Tamil Calendar October 2025 Amavasai 21-Oct-2025 Tuesday Pournami 06-Oct-2025 Monday Karthigai 10-Oct-2025 Friday Sashti Viradham 27-Oct-2025 Monday Sankatahara Chathurthi 10-Oct-2025 Friday Chathurthi 25-Oct-2025 Saturday Pradosham 04-Oct-2025 Saturday 18-Oct-2025 Saturday Thiruvonam 02-Oct-2025 Thursday 29-Oct-2025 Wednesday Maadha Sivarathiri 19-Oct-2025 Sunday Ekadhasi 03-Oct-2025 Friday 17-Oct-2025 Friday Ashtami 14-Oct-2025 Tuesday 29-Oct-2025 Wednesday Navami 01-Oct-2025 Wednesday 15-Oct-2025 Wednesday 30-Oct-2025 Thursday Govt Holidays 01-Oct-2025 Wednesday ஆயுத பூஜை Aayudha Poojai 01-Oct-2025 Wednesday சரஸ்வதி பூஜை Saraswathi Poojai 02-Oct-2025 Wednesday காந்தி ஜெயந்தி Gandhi Jayanthi 20-Oct-2025 Monday தீபாவளி Deepavali Wedding Days 19-Oct-2025 Sunday தேய்பிறை Theipirai 20-Oct-2025 Monday தேய்பிறை Theipirai 24-Oct-2025 Friday வளர்பிறை Valarpirai 27-Oct-2025 Monday வளர்பிறை Valarpirai 31-Oct-2025 Friday வளர்பிறை Valarpirai Festivals 01-Oct-2025 Wednesday சரஸ்வதி பூஜை Saraswathi Poojai 01-Oct-2025 Wednesday ஆயுத பூஜை Aayudha Poojai 02-Oct-2025 Thursday விஜய தசமி Vijayadasami 20-Oct-2025 Monday தீபாவளி பண்டிகை Deepavali 22-Oct-2025 Wednesday கந்தஷஷ்டி துவக்கம் Kandashashdi Begins 27-Oct-2025 Monday கந்தசஷ்டி சூரசம்ஹார விழா Soorasamharam Tamil Daily Calendar October 2025 Tamil Monthly Calendar October 2025 Tamil Calendar November 2025 >> Tamil Calendar November 2025 Amavasai 19-Nov-2025 Wednesday Pournami 05-Nov-2025 Wednesday Karthigai 06-Nov-2025 Thursday Sashti Viradham 26-Nov-2025 Wednesday Sankatahara Chathurthi 08-Nov-2025 Saturday Chathurthi 24-Nov-2025 Monday Pradosham 03-Nov-2025 Monday 17-Nov-2025 Monday Thiruvonam 26-Nov-2025 Wednesday Maadha Sivarathiri 18-Nov-2025 Tuesday Ekadhasi 01-Nov-2025 Saturday 16-Nov-2025 Sunday Ashtami 12-Nov-2025 Wednesday 28-Nov-2025 Friday Navami 13-Nov-2025 Thursday 29-Nov-2025 Saturday Govt Holidays No Govt Holidays. Wedding Days 03-Nov-2025 Monday வளர்பிறை Valarpirai 10-Nov-2025 Monday தேய்பிறை Theipirai 16-Nov-2025 Sunday தேய்பிறை Theipirai 23-Nov-2025 Sunday வளர்பிறை Valarpirai 27-Nov-2025 Thursday வளர்பிறை Valarpirai 30-Nov-2025 Sunday வளர்பிறை Valarpirai Festivals No Festival Days. Tamil Daily Calendar November 2025 Tamil Monthly Calendar November 2025 Tamil Calendar December 2025 >> Tamil Calendar December 2025 Amavasai 19-Dec-2025 Friday Pournami 04-Dec-2025 Thursday Karthigai 03-Dec-2025 Wednesday 31-Dec-2025 Wednesday Sashti Viradham 25-Dec-2025 Thursday Sankatahara Chathurthi 08-Dec-2025 Monday Chathurthi 24-Dec-2025 Wednesday Pradosham 02-Dec-2025 Tuesday 17-Dec-2025 Wednesday Thiruvonam 23-Dec-2025 Tuesday Maadha Sivarathiri 18-Dec-2025 Thursday Ekadhasi 01-Dec-2025 Monday 15-Dec-2025 Monday 30-Dec-2025 Tuesday Ashtami 12-Dec-2025 Friday 27-Dec-2025 Sunday Navami 13-Dec-2025 Saturday 28-Dec-2025 Monday Govt Holidays 25-Dec-2025 Thursday கிறிஸ்துமஸ் பண்டிகை Christmas Day Wedding Days 01-Dec-2025 Monday வளர்பிறை Valarpirai 08-Dec-2025 Monday தேய்பிறை Theipirai 10-Dec-2025 Wednesday தேய்பிறை Theipirai 14-Dec-2025 Sunday தேய்பிறை Theipirai 15-Dec-2025 Monday தேய்பிறை Theipirai Festivals 03-Dec-2025 Wednesday திருக்கார்த்திகை Karthigai 19-Dec-2025 Friday அனுமன் ஜெயந்தி Hanuman Jayanthi 25-Dec-2025 Thursday கிறிஸ்துமஸ் பண்டிகை Christmas 30-Dec-2025 Tuesday வைகுண்ட ஏகாதசி Vaigunda Egadasi Tamil Daily Calendar December 2025 Tamil Monthly Calendar December 2025 Tamil Daily Calendar 2026 Tamil Monthly Calendar 2026 தமிழ் தின காலண்டர் 2025 தமிழ் மாத காலண்டர் 2025 Tamil Daily Calendar 2024 Tamil Monthly Calendar 2024 தமிழ் தின காலண்டர் 2024 தமிழ் மாத காலண்டர் 2024 Tamil Daily Calendar 2023 Tamil Monthly Calendar 2023 தமிழ் தின காலண்டர் 2023 தமிழ் மாத காலண்டர் 2023 Tamil Daily Calendar 2022 Tamil Monthly Calendar 2022 தமிழ் தின காலண்டர் 2022 தமிழ் மாத காலண்டர் 2022 Tamil Daily Calendar 2021 Tamil Monthly Calendar 2021 தமிழ் தின காலண்டர் 2021 தமிழ் மாத காலண்டர் 2021 Tamil Daily Calendar 2020 Tamil Monthly Calendar 2020 தமிழ் தின காலண்டர் 2020 தமிழ் மாத காலண்டர் 2020 Tamil Daily Calendar 2019 Tamil Monthly Calendar 2019 தமிழ் தின காலண்டர் 2019 தமிழ் மாத காலண்டர் 2019 Tamil Daily Calendar 2018 Tamil Monthly Calendar 2018 தமிழ் தின காலண்டர் 2018 தமிழ் மாத காலண்டர் 2018 Tamil Daily Calendar 2017 Tamil Monthly Calendar 2017 தமிழ் தின காலண்டர் 2017 தமிழ் மாத காலண்டர் 2017 Tamil Daily Calendar 2016 Tamil Monthly Calendar 2016 தமிழ் தின காலண்டர் 2016 தமிழ் மாத காலண்டர் 2016 Tamil Daily Calendar 2015 Tamil Monthly Calendar 2015 தமிழ் தின காலண்டர் 2015 தமிழ் மாத காலண்டர் 2015 Tamil Daily Calendar 2014 Tamil Monthly Calendar 2014 தமிழ் தின காலண்டர் 2014 தமிழ் மாத காலண்டர் 2014 Tamil Daily Calendar 2013 Tamil Monthly Calendar 2013 தமிழ் தின காலண்டர் 2013 தமிழ் மாத காலண்டர் 2013 Tamil Daily Calendar 2012 Tamil Monthly Calendar 2012 தமிழ் தின காலண்டர் 2012 தமிழ் மாத காலண்டர் 2012 Tamil Daily Calendar 2011 Tamil Monthly Calendar 2011 தமிழ் தின காலண்டர் 2011 தமிழ் மாத காலண்டர் 2011 Tamil Daily Calendar 2010 Tamil Monthly Calendar 2010 தமிழ் தின காலண்டர் 2010 தமிழ் மாத காலண்டர் 2010 Tamil Daily Calendar 2009 Tamil Monthly Calendar 2009 தமிழ் தின காலண்டர் 2009 தமிழ் மாத காலண்டர் 2009 Tamil Daily Calendar 2008 Tamil Monthly Calendar 2008 தமிழ் தின காலண்டர் 2008 தமிழ் மாத காலண்டர் 2008 Tamil Daily Calendar 2007 Tamil Monthly Calendar 2007 தமிழ் தின காலண்டர் 2007 தமிழ் மாத காலண்டர் 2007 Tamil Daily Calendar 2006 Tamil Monthly Calendar 2006 தமிழ் தின காலண்டர் 2006 தமிழ் மாத காலண்டர் 2006 Tamil Daily Calendar 2005 Tamil Monthly Calendar 2005 தமிழ் தின காலண்டர் 2005 தமிழ் மாத காலண்டர் 2005 Welcome to Tamil Daily Calendar Website. In service to tamil people all around the world, we bring you the tamil daily calendar sheets for your auspicious events reference. Calendars shown above is for Indian timings. Kindly consult your astrologers for the specific time for your auspicious events. Tamil Calendar is followed by Tamil people around the world is based on Moon and Star events. Tamil people traditionally follow the calendar to auspicous events and timings. Tamil Calendar is used in Tamil Nadu, Puducherry and Tamil people of Malaysia, Singapore and SriLanka. Tamil people refer this for all events like cultural or relgious.  Traditionally Tamil year starts on 14th April every year. Week Days are named after the planets on solar system. Year is divided into six seasons each lasting for two months. Tamil calendar follows 60 year cycle closely resembling to other calendars followed in Indian subcontinent. Day starts with sunrise and ends with sunset. Fifth month Aavani and tenth month Thai are considered as very auspicious for the wedding and other events. Fourth month Aadi is considered as inauspicious. As per tamil calendar, tamil months starts with Chithirai and ends with Panguni. Chithirai - First month on tamil calendar. Chithirai first date is tamil new year. Usually falls on 14 April of english calendar. Chithirai month have 31 days. Chithirai thiruvizha celebrated in this month. Vaigasi - Second month on tamil calendar. Vaigasi month have 31 days. Favorable month of Muruga Kadavul. 
    Vaigasi Visakam is the most important day of this month. Aani - Third month on tamil calendar. Aani month have 32 days. Aadi - Fourth month on tamil calendar. Aadi month have 31 days. Tamil people celebrate Aadi Amavasai and Aadiperukku. Aavani - Fifth month on tamil calendar. Aavani month have 31 days. Purattasi - Sixth month on tamil calendar. Purattasi month have 31 days. Ippasi - Seventh month on tamil calendar. Ippasi month have 29 or 30 days. Kaarthigai - Eighth month on tamil calendar. Kaarthigai month have 29 or 30 days. Maargazhi - Ninth month on tamil calendar. Maargazhi month have 29 days. Thai - Tenth month on tamil calendar. Thai month have 29 or 30 days. Harvesting month and Pongal celebrations are done on this month. Maasi - Eleventh month on tamil calendar. Maasi month have 29 or 30 days. Panguni - Twelth month on tamil calendar. Panguni have 30 days. This is the last month on tamil calendar. Tamil Daily Calendar 2026 Tamil Monthly Calendar 2026 Tamil Calendar 2026 Tamil Muhurtham Dates 2026 Tamil Wedding Dates 2026 Tamil Festivals 2026 Nalla Neram 2026 Amavasai 2026 Pournami 2026 Karthigai 2026 Pradosham 2026 Ashtami 2026 Navami 2026 Karinal 2026 Daily Rasi Palan Tamil Daily Calendar 2025 Tamil Monthly Calendar 2025 Tamil Calendar 2025 Tamil Muhurtham Dates 2025 Tamil Wedding Dates 2025 Tamil Festivals 2025 Nalla Neram 2025 Amavasai 2025 Pournami 2025 Karthigai 2025 Pradosham 2025 Ashtami 2025 Navami 2025 Karinal 2025 Daily Rasi Palan Contact Privacy Policy Copyright 2026 TamilDailyCalendar.com