Urban Electric Transit — Database / Photo gallery Vehicle Database Models Tramway Trolleybus Metro Monorail Funicular Guided Light Transit (GLT) Mover (AGT) Maglev Electric Bus Cities and Systems Tramway Trolleybus Metro Monorail Funicular Guided Light Transit (GLT) Mover (AGT) Maglev Electric Bus Countries and Regions Changes in Database Extras News & Chronology Miscellaneous Galleries Photo Contest Maps of Cities Map of the World Unidentified Photos Site News TransPhoto Fan Club Links Videocatalogue Comments Updates New Photos News Feed All Updates by Date Help Terms & Conditions Guidelines for Publishing Photos Guidelines for Signing Photos Video Catalogue Guidelines DETAILED HELP with Rejected Photos Forums Search Search Photos Search Vehicles Search Comments Search Authors Login Sign up English Русский Беларуская Українська Български Қазақ тілі Polski Čeština Slovenčina English Deutsch Français Română Eesti Lietuvių Latviešu Hrvatski Magyar ქართული ენა Suomi 汉语 Español Türkçe Urban Electric Transit Photo Contest Photo of the Year Most Popular for Last 24 Hours 16 +648 2 +642 8 +563 5 +549 15 +525 3 +490 +424 10 +410 5 +379 3 +371 8 +360 Least Popular Most Discussed Show Others Loading... Random Photos Vehicle Search Tramway Trolleybus Metro Monorail Funicular Guided Light Transit (GLT) Mover (AGT) Maglev Electric Bus Recently added photos News of Electric Transit Vologda , January 1, 2026 С 01.01.2026 троллейбусное движение в Вологде приостанавливается. Официальный срок приостановки движения три месяца, за это время должен состояться переезд предприятия на другую площадку. Источник — администрация города. Maykop , January 1, 2026 Прекращает работу троллейбусная линия до Шоссейной улицы. Закрываются троллейбусные маршруты №№ 4, 5, 7. Izhevsk , January 2026 На линию выйдут первые автобусы, обслуживаемые МУП "ИжГЭТ". Автобусы выходят на троллейбусные маршруты, к которым спереди будет добавлена литера "Т". Например — Т4, Т14. Автобусы оснащены валидаторами, принимающими транспортные карты: • Ежемесячные для школьников, студентов и граждан на троллейбус, трамвай, троллейбус-трамвай, троллейбус-автобус, трамвай-автобус (только для граждан),  троллейбус-трамвай-автобус — такой перечень карт указан перевозчиком; • С тарифом на электротранспорт "Таймер"; • Пенсионера города Ижевска; • С тарифом "Электронный кошелёк". Возможна оплата наличными водителю на остановке. Замена выпуска троллейбуса на автобус будет постепенной. Планируется выпуск автобусов на маршруты троллейбуса 4 и 14, а позднее 1 и 2 (ранее сообщалось о маршрутах 4 и 7). Jinan , December 30, 2025 Jinan Rail Transit Jiyang Line (light rail) opens, with 11 stations (plus five infill stations) over 36.1 km. Yenakiieve , December 30, 2025 Открыт центральный городской путепровод после капитального ремонта. Возобновлено движение по маршрутам № 1 и 4. Xi'an , December 29, 2025 Xi'an Metro Line 15 (stage 1) starts operation with 13 underground stations. Guangzhou , December 29, 2025 Guangzhou Metro Line 22 has extended from Chentougang to Fangcun. Shenzhen , December 28, 2025 28 Dec 2025, the following Metro lines has extended: • Line 5 (Huangbeiling — Grand Theater); • Line 8 (Xiaomeisha — Xichong); • Line 11 (Huaqiang South — Hongling South); • Line 13 (Hi-Tech Central — Shangwu). Perm , December 27, 2025 С 27.12.2025 возобновляется движение трамваев в Индустриальный район по улицам Пушкина, Крисанова и Карпинского (открыта новая линия на улицах Крисанова и Пушкина). Маршрут 2 — временно курсирует от кольца "Школа 107" до ст. "Осенцы". Маршрут 11 — временно курсирует от микрорайона "Висим" до остановки "ул. 9 Мая". Маршрут 12 — курсирует от "Пермской ярмарки" до кольца "Школа 107". Компенсационный автобусный маршрут №72 будет работать до 16 января, затем он будет отменён. Ulyanovsk , December 27, 2025 На испытания прибыл троллейбус ВМЗ-5298.01 «Авангард». Jinan , December 27, 2025 Jinan Rail Transit Line 4 (stage 1; 40.3 km, 33 stations), Line 6 (eastern section; 39.2 km, 32 stations) and Line 8 (stage 1; 25.5 km, 14 stations) opens. Moscow , December 27, 2025 Трамвайное депо имени Н. Э. Баумана временно закрыто на масштабную реконструкцию . Saint-Petersburg , December 26, 2025 Произошел запуск первого участка Красносельско-Калининской (6) линии! В составе новой линии открылось 2 станции — "Путиловская" и "Юго-Западная". Теперь метрополитен включает в себя 75 станций. Donetsk , December 25, 2025 Возобновлено движение трамвайного маршрута №16 до кольца "Проспект Кобзаря". Движение по участку не осуществлялось с 9 мая 2022 года из-за разрушений инфраструктуры, полученных в результате обстрелов. Специалистами служб пути и энергохозяйства МУП АГД "ДЭАТ" произведены рихтовка 5 км трамвайного пути, монтаж более 4 км контактного провода, замену деревянных шпал, опор контактной сети, а также вырубку деревьев и кустарников вдоль трамвайного пути. Источник Saint-Petersburg , December 24, 2025 Открыто движение по первому участку трамвайной линии «Славянка». Маршрут получил номер 2 и соединил станцию метро «Купчино» с Валдайской улицей в посёлке Шушары. View records: main · all Latest posts on Forum Удаление учетки. · superbitnagibatorfunt3 ·  31.12.2025 00:30 MSK Доброй ночи и с наступающим новым годом! прошу вас, дорогие, многоуважаемые короли-администраторы этой темы удалить мою нищенскую, не имеющую смысла существования учётную запись. я считаю, что настал мой час уйти на покой... Удаление фото · Виктор Селезнев ·  30.12.2025 23:24 MSK Так это ж разные ракурсы. Будет именно вид вперёд в хорошем качестве - Ваше, очень вероятно, удалят. А так именно вид вперёд был аж 11 лет назад. Самый худший рельсовый путь · Бараш Алексей ·  29.12.2025 23:26 MSK Увидев фото из Орска: https://transphoto.org/photo/1259618/ вспомнил про эту тему... Вопросы по работе сайта · Виктор Селезнев ·  27.12.2025 09:13 MSK Теперь выделили и новость добавили. Аналогичные сайты · Дмитрий Михайлов ·  24.12.2025 00:07 MSK Там всё сложно. ЭКФ и УЧА вливаются в состав нового сайта по лёгким коммерческим автомобилям https://mashfoto.ru/ По крайней мере так на этих сайтах анонсировано.
[/quote]

Тут ситуация неоднозначная и даже немного странная. Идейный автор сайтов заявил о приостановке вопроса слияния сайтов. И пока непонятно, чем будет наполняться контен Машфото помимо Газелей и прочей мелочи, неподходящей для Фототрака. To the Forum Photos added in the last 24 hours: Angarsk : Tramway +4 Ankara : Metro +6 Antwerpen : Tramway +1, Stations +1 Arad : Tramway +3 Barnaul : Tramway +3, Trolleybus +2, Miscellaneous photos +1 Bendigo : Tramway +1 Berezniki : Trolleybus +2 Bergamo : Tramway +3 Brest : Trolleybus +2, Maps +1 Bryansk : Trolleybus +2 Bucharest - Ilfov : Tramway +6, Holidays spirit in Bucharest +1 Budapest : Tramway +10 Cheboksary : Trolleybus +5 Chelyabinsk : Tramway +3, Trolleybus +2 Cherkasy : Trolleybus +1 Crimean trolleybus : Trolleybus +8, Trolleybus lines +2 Dnipro : Tramway +4, Trolleybus +9, Miscellaneous photos +1, Tramway Lines and Infrastructure +1 Hanover : Tramway +3 Hiroshima : Tramway +1 Hrodna : Trolleybus +2 Iaşi : Tramway +3 Ivano-Frankivsk : Trolleybus +1 Ivanovo : Trolleybus +1 Izhevsk : Tramway +1, Trolleybus +5 Kaliningrad : Trolleybus +1 Kaluga : Trolleybus +5 Kamianske : Tramway +1, Tramway Lines and Infrastructure +1 Karlsruhe : Tramway +1 Kazan : Tramway +5 Khabarovsk : Tramway +3 Kharkiv : Tramway +5, Trolleybus +1, Tram lines +1 Kirov : Trolleybus +1 Kovrov : Trolleybus +1 Krasnodar : Tramway +3, Trolleybus +1 Krasnoyarsk : Trolleybus +1 Kursk : Trolleybus +1, Electric Bus +1 Kyiv : Tramway +2, Trolleybus +9, Metro +1, Miscellaneous photos +2, Tramway lines: Podilske depot network — north +2 Lausanne : Trolleybus +2 Leipzig : Tramway +2, Miscellaneous photos +1 Lisbon metropolitan area : Tramway +4 Los Angeles : Electric Bus +1 Lviv : Tramway +1 Magdeburg : Tramway +2, The last days of service for the Tatra trams +1 Makiivka : Trolleybus +4 Minsk : Tramway +2, Trolleybus +10 Moscow : Tramway +35, Metro +24, Monorail +1, Electric Bus +13, Terminus stations +1, Miscellaneous photos +1, Photomontage +1, Trаm lines: Central Administrative District +1, Monorail +1, Metro — [3] Arbatsko-Pokrovskaya Line +1, Metro — [12] Butovskaya Line +1, Metro — Vehicles — Type 81-740/741 “Rusich” and modifications +1, Celebrating the 125th anniversary of the Moscow tram (parade rehearsals on 03/29/2024 and 04/03/2024, parade and tram exhibition on 04/06/2024) +1, Moscow Transport Day — 2025 (night rehearsals of the tram parade on 07/05/2025 and 07/10/2025, parade and tram exhibition on 07/12/2025) +1 Most - Litvínov : Tramway +18 Munich : Tramway +2 Murmansk : Trolleybus +3 Naberezhnye Chelny : Tramway +3 Nice : Tramway +1 Nizhnekamsk : Tramway +3 Nizhny Novgorod : Tramway +15, Trolleybus +1, Metro +1, Electric Bus +2, Miscellaneous photos +1, Ordered trips +2 Novosibirsk : Tramway +1, Trolleybus +5 Oryol : Trolleybus +3 Osijek : Tramway +2, Modelling +1, Miscellaneous photos +2 Oslo : Tramway +1 Ostrava : Tramway Lines and Infrastructure +1 Pavlodar : Tramway +1 Penza : Trolleybus +4 Perm : Tramway +2 Podolsk : Trolleybus +2, Miscellaneous photos +1 Poznań : Tramway +2 Prague : Tramway +1 Prokopyevsk : Tramway +1 Qingdao : Trolleybus +5, Electric Bus +2 Riga : Tramway +1, Trolleybus +2 Rostock : Tramway +2, Old photos • Alte Fotos +2 Ryazan : Trolleybus +3, Miscellaneous photos +1, New trolleybuses +4 Saint-Petersburg : Tramway +28, Trolleybus +3, Metro +3, Creative photos +1, Miscellaneous photos +1, Systemwide Maps +3, Metro — Line 1 +3, Metro — Vehicles — Type 81-556/557/558 “NeVa” +1, Historical tram infrastructure diagrams +3, Metro — Line 6 +1, Registered trip by tram 71-801 (Alstom Citadis 301 CIS) № 8900 — 21.12.2025 +1 Salzburg : Trolleybus +1 Samara : Tramway +1, Trolleybus +23 Saratov : Tramway +11, Trolleybus +1 Sevastopol : Trolleybus +7 Shanghai : Electric Bus +1 Smolensk : Trolleybus +1 Stavropol : Trolleybus +4 Sterlitamak : Trolleybus +2 Tallinn : Tramway +1 Tashkent : Electric Bus +1 Timișoara : Tramway +1 Toulouse : Maps +1 Tula : Tramway +4 Ufa : Tramway +8, Trolleybus +2, Car interiors +2, Nameplates +1, Cabs +1 Usolye-Sibirskoye : Tramway +1 Ust-Katav : Tram cars for Moscow +1 Vevey —  Montreux — Blonay : Trolleybus +1 Vilnius : Trolleybus +6 Vitebsk : Tramway +3, Trolleybus +1 Vladivostok : Trolleybus +3, Тематические  троллейбусы +2 Volgograd : Tramway +7, Trolleybus +7, Electric Bus +2 Vologda : Trolleybus +3 Volzhsky : Tramway +8 Würzburg : Tramway +4 Yaroslavl : Tramway +3, Trolleybus +3 Yekaterinburg : Tramway +1 Yenakiieve : Tramway +4, Miscellaneous photos +2 Zurich : Tramway +2 Łódź : Tramway +2 All Updates by Date Users currently Online (20) Valius Kedainietis , Lvs2009m , Egor1308 , Игорь Букатин , sav2403 , KBk , Shv , Дмитрий Касаткин , данил билецкий , Molchun , Зиушка из Чебоксар , DANIL2401 , Roma , АртБор , Ник_та , Soullesss , kirill_salnikov , vittoplus , Dmitrii714 , УКВЗ Transport Books Site News December 25, 2025 Paragraph 4.4.1 has been added to the Site Rules. December 11, 2025 Section 8 has been added to the Site Rules, describing the rules and mechanisms for holding the photo contest. November 27, 2025 STTS.club has moved to https://club.transphoto.org Transphoto.club name has been unified with the rest of the website. November 5, 2025 Transphoto Telegram chat has been launched: https://t.me/transphoto_forum October 24, 2025 We're looking for people to help us in the website support and development, with PHP and MySQL knowledge. In case of interest, please contact the administrator . June 16, 2025 If you encounter problems accessing the website, you can try accessing via alternate domains: https://transphoto.org https://transphoto.ru April 2, 2025 All photos have been uploaded. Normal operations are fully resumed now. March 23, 2025 On the week from 24 till 30th of March the website may be temporary unavailable because of technical works related to moving to a new server. A part of older photos will be uploaded later, there is no need to report their unavailability. There will be a separate notice after upload completion. Sorry for the inconvenience. January 27, 2025 Extention of 5.6. Paragraph of Website Rules. November 20, 2024 Added paragraph 1.7 of the photo information rules, which formalises the current practice when streets and other objects are renamed. August 31, 2024 An addition was made to paragraph 4.6.2. of the Website Rules. The norms of indicating “anniversary” photos and congratulations with them have been described. August 16, 2024 Detailed guidelines for photo publishing and selection process have been posted here: https://transphoto.org/rules/reasons/ This guide can also be selected from the Menu, see: Help — Photo Rejection Reasons. Please use an online translator if necessary. The editorial team is currently working on translation into English. Help with proper translation into languages other than Russian and English is welcome. Please contact the administrator . March 18, 2024 We remind you that photos of heavily dirty vehicles are rated one step lower in quality. March 5, 2024 It is now possible to specify angles of view for double-ended vehicles. The old definition "Angle not defined" has been deleted and can no longer be selected. It is assumed that for double-ended vehicles there is no view from the "rear", but all views are of the "front" of the vehicle. If the vehicle is pre-defined in the database as "double-ended", the corresponding pictogram of possible angles of view will be offered automatically on the photo upload page. Otherwise users can switch to the "double-ended" pictogram manually. As was the case before, the actual direction of movement does not matter when selecting angles of view. News Archive Regions, Cities and Systems Afganistan Kabul Algeria Algiers Annaba Constantine Mostaganem Oran Ouargla Sétif Sidi Bel Abbès Argentina Bahia Blanca Buenos Aires Concordia Cordoba Corrientes La Plata Mar del Plata Mendoza Necochea Parana Quilmes Rosario Salta San Miguel de Tucumán Santa Fe Valle Hermoso Armenia Gyumri Vanadzor Yerevan Australia Adelaide Ballarat Bendigo Brisbane Broken Hill Cairns Canberra Geelong Glenorchy Gold Coast Hobart Katoomba Kilmore Launceston Maitland Melbourne Newcastle Perth Rockhampton St. Kilda Sunshine Coast Sydney Victor Harbour Wollongong Yass Austria Attersee Baden Burgenland Dornbirn Eisenstadt Ferlach Gmunden – Vorchdorf – Lambach Graz Hallein Hallstatt Innsbruck Kapfenberg Kaprun Klagenfurt Leoben Linz Mariazell Mödling Mölltal Payerbach-Reichenau Salzburg Sankt Florian Sankt Pölten Serfaus Unterach Vienna Villach Vorarlberg Wiener Neustadt Ybbs an der Donau Azerbaijan Baku Ganja Mingechaur Nakhchivan City Sumgait Bangladesh Dhaka Barbados Bridgetown Belarus Babruysk Brest Fanipal Homiel Hrodna Kosino Mazyr Mikashevichi Minsk Mogilev Novopolotsk Ostrovets Shklov Smalyavichy Snov Sula Vitebsk Zhodzina Belgium Antwerpen Brugge Brussels Charleroi Coast Tram Erezée Gent Han-sur-Lesse Hasselt Jemelle - Rochefort Kortrijk Leuven Liège Namur Ronse Schepdaal Sint-Niklaas Thuin Tienen Verviers Bhutan Thimphu Bolivia Cochabamba La Paz Potosí Bosnia and Herzegovina Sarajevo Brazil Araraquara Belo Horizonte Brasília Campinas Campos do Jordão Cuiabá Fortaleza Foz do Iguaçu Itatinga Maceió Maringa Niterói Petrópolis Poços de Caldas Porto Alegre Recife Ribeirão Preto Rio Claro Rio de Janeiro Salvador Santos São Paulo Bulgaria Albena Asenovgrad Aytos Belchin Blagoevgrad Botevgrad Burgas Dobrich Dupnitsa Gabrovo Gorna Oryahovitsa Haskovo Karlovo Karnobat Kazanlak Kozloduy Kyustendil Lovech Montana Pavel Banya Pazardzhik Pernik Peshtera Petrich Pleven Plovdiv Rakitovo Ruse Samokov Sandanski Shumen Sliven Smolyan Sofia Stara Zagora Sunny beach Varna Veliko Tarnovo Velingrad Vidin Vratsa Yambol Canada Brampton Brandon Calgary Chatham Cornwall East Broughton Edmonton Grande Prairie Guelph Halifax Hamilton Kingston Kitchener Laval London Moncton Montreal Nelson Oakville Oshawa Ottawa Quebec City Regina Richmond Saint John, NB Sandon Saskatoon Sherbrooke St. Albert St. Catharines St. John's, NL Sudbury Surrey, BC Sydney, NS Tecumseh Three Rivers Thunder Bay Toronto Vancouver Victoria Waterloo - Kitchener Whitehorse Windsor Winnipeg Yarmouth York Region Chile Chillán Concepción Copiapó Iquique Rancagua Rengo Santiago Talca Temuco Valparaiso Villa Alegre China (PRC) Anshan Baoding Baotou Beijing Bengbu Benxi Changchun Changjiang Changsha Changzhi Changzhou Chengdu Chongqing Chuzhou Dalian Datong Dongguan Enshi Foshan Fuzhou Guangan Guangzhou Guilin Guiyang Haikou Haixi Handan Hangzhou Harbin Hefei Hegang Hohhot Honghe Hong Kong Huaian Huangshi Hunchun Ili Ji'an Jiaxing Jilin Jinan Jinhua Jining Jiujiang Jixi Kunming Lanzhou Liaocheng Lijiang Liupanshui Liuzhou Luoyang Macau Nanchang Nanchong Nanjing Nanning Nanping Nantong Ningbo Qingdao Qingyuan Qiqihar Rizhao Sanya Shanghai Shantou Shaoxing Shenyang Shenzhen Shijiazhuang Suzhou Taian Taiyuan Taizhou Tangshan Tianjin Tianshui Tunchang Turpan Urumqi Wenshan Wenzhou Wuhan Wuhu Wuxi Xi'an Xiamen Xiangxi Xianyang Xingtai Xuzhou Yantai Yibin Yinchuan Zhangjiajie Zhangjiakou Zhangye Zhangzhou Zhengzhou Zhongshan Zhuhai Zhuzhou Zibo Zigong Ziyang Colombia Barranquilla Bogota Cali Medellin Pereira Congo-Kinshasa (DRC) Kinshasa Costa Rica San José Croatia Dubrovnik Križevci Opatija Osijek Pula Rijeka Split Velika Gorica Zagreb Cuba Camagüey Cienfuegos Havana Hershey Matanzas Santiago de Cuba Czechia Bílina Bohumín Brno Bruntál České Budějovice České Velenice (Gmünd) Chomutov Chrudim Děčín Dětřichov Frýdek-Místek Havířov Hradec Králové Hranice Jeseník Jihlava Karlovy Vary Karviná Kladno Krnov Kutná Hora Libchavy Liberec ― Jablonec nad Nisou Mariánské Lázně Mníšek pod Brdy Most - Litvínov Náchod Nový Jičín Olomouc Opava Ostrava Ostrov Pardubice Písek Plzeň Prague Přerov Strašice Tábor Teplice Třebíč Třinec Trutnov Uherské Hradiště Ústí nad Labem Vrchlabí Vysoké Mýto Žďár nad Sázavou Zlín Znojmo Denmark Aarhus Ålborg Copenhagen Esbjerg Fredericia Haderslev Horsens Kolding Næstved Odense Rønne Skælskør Skjoldenæsholm Svendborg Dominican Republic Santo Domingo Ecuador Cuenca Guayaquil Quito Egypt Alexandria Cairo Madinaty El Salvador San Salvador Estonia Järva-Jaani Pärnu Tallinn Tartu Ethiopia Addis Ababa Faroe Islands Tórshavn Finland Helsinki — Espoo Jyväskylä Kuopio Lahti Lappeenranta Mikkeli Oulu Savonlinna Tampere Turku Vantaa France Abbeville Aix-en-Provence Albi Amiens Angers Annecy Annemasse Arras Aubagne Aubenas Ault - Friaucourt - Feuquières Avignon Bayonne - Anglet - Biarritz Beaune Beauvais - Compiègne - Creil Belfort Besançon Blois Bordeaux Bourges Breil-sur-Roya Brest Caen Cannes Cherbourg Clermont-Ferrand Colmar Dijon Dunkirk Epinal Evian-les-Bains Fontainebleau Forbach Fréjus - Saint-Raphaël Gouarec Grenoble Hagondange Langres Laon La Rochelle Le Havre Le Mans Le Puy-en-Velay Le Tréport Lille Limoges Longwy Lourdes Lyon Marseille Melun Metz Modane - Lanslebourg Montfermeil Montpellier Mountainous region of Savoy Mulhouse Nancy Nantes Nice Nîmes Orléans Paris - Versailles - Yvelines Pau Périgueux Perpignan Pithiviers Poitiers Quimper Reims Rennes Rouen Royan Saint-Etienne Saint-Malo Strasbourg Tergnier - Anizy-Pinon Toulon Toulouse Tours Valence Valenciennes Vichy Wissembourg Georgia Batumi Chiatura Gagra Gori Kobuleti Kutaisi New Athos Ozurgeti Poti Rustavi Samtredia Sukhumi Tbilisi Tskhinvali Zestafoni Zugdidi Germany Aachen Ahrweiler Aichach Altenburg Aschaffenburg Augsburg Augustusburg Bad Ems Baden-Baden Bad Herrenalb Bad Homburg Bad Kreuznach Bad Nauheim Bad Reichenhall Bad Schandau Bad Wildbad Bad Wörishofen Bamberg Bautzen Bensheim Berg am Starnberger See Berlin Bernburg Bestwig Bielefeld Bingen Bitterfeld Bochum – Gelsenkirchen Bonn Brandenburg an der Havel Braunschweig Bremen Bremerhaven Bühl Burghausen Chemnitz Cologne Cottbus Dahme-Spreewald Darmstadt Dessau-Roßlau Döbeln Dormagen Dortmund Dresden Duisburg Düren Düsseldorf Eberswalde Edertal Eisenach Eisleben – Mansfeld Elbingerode Emsland Ennepetal Erfurt Erlangen Eschwege Essen – Mülheim an der Ruhr Esslingen am Neckar Falkensee Flensburg Forst Frankfurt am Main Frankfurt an der Oder Freiberg Freiburg im Breisgau Freising Fulda Fürth Geilenkirchen Gelnhausen Gera German highways Gießen Görlitz Gotha Göttingen Greiz Grevenbrück Grevesmühlen Grimmen Guben Gummersbach Gütersloh Hagen Halberstadt Halle Hamburg Hameln Hamm Hanau Hanover Harbke Heidenheim an der Brenz Heilbronn Hennigsdorf Herne Hildesheim Hof Hohenstein-Ernstthal Hörde Hoyerswerda Idar-Oberstein Ingelheim am Rhein Ingolstadt Insterburg Jena Kaiserslautern Karlsruhe Kassel Kerpen Kiel Kleve Klingenthal Koblenz Königstein Königswinter Konstanz Krefeld Kulmbach Künzelsau Küstrin Landshut Leipzig Lingen (Ems) Lübeck Lüdenscheid Lunenburg Magdeburg Mainz Marburg Meiningen Meissen Mettmann Minden Moers Mönchengladbach Monheim am Rhein Mühlhausen Munich Münster Naumburg Neunkirchen Neuss Neustadt – Landau Neuwied Nordhausen Nuremberg Oberhausen Oberweißbach Offenbach am Main Oldenburg Opladen – Ohligs Osnabrück Paderborn Pforzheim Pirmasens Plauen Potsdam Prora Pyrbaum Rastatt Regensburg Remscheid Reutlingen Rhein-Neckar Rheinsberg Riesa Rostock Roth Rüdesheim am Rhein Saarbrücken Saarlouis Schönberger Strand Schöneiche – Rüdersdorf Schwäbisch-Hall Schwerin Schwerte Sengenthal Siegen Sinsheim Soest – Lippstadt Solingen Spiekeroog Stassfurt Stendal Stralsund Strausberg Stuttgart Suhl Sylt Trier Troisdorf Tübingen Uelzen Ulm Unna Verden Vestische Straßenbahnen Viersen Völklingen Waiblingen Wehmingen Weimar Wendefurth Werder (Havel) Wernigerode Wesel – Emmerich Wiesbaden Wilhelmshaven Willingen (Upland) Wolfsburg Woltersdorf Wuppertal Würzburg Wurzen Zittau Zwickau Greece Athens Patras Rhodes Thessaloniki Guatemala Quetzaltenango Guernsey St. Peter Port Guyana Georgetown Hungary Baja Balatonfüred Békéscsaba Budapest Debrecen Eger Esztergom Győr Gyula Hajdúszoboszló Kaposvár Kecskemét Keszthely Komárom Komló Miskolc Mosonmagyaróvár Nyíregyháza Paks Pápa Pécs Salgótarján Sopron Szeged Székesfehérvár Szolnok Szombathely Tata Tatabánya Veszprém Zalaegerszeg Iceland Reykjavík India Agra Ahmedabad Bengaluru Bhopal Chennai Gurugram Hyderabad Indore Jaipur Kanpur Kochi Kolkata Lucknow Mumbai Nagpur Nashik Navi Mumbai New Delhi Noida Patna Pune Surat Indonesia Jakarta Palembang Semarang Surabaya Yogyakarta Iran Ahvaz Isfahan Karaj Kermanshah Mashhad Qom Shiraz Tabriz Tehran Iraq Baghdad Ireland Cork Dublin Galway Howth Israel Ashdod Haifa Jerusalem Tel Aviv Italy Alba Alessandria Ancona Anzio - Nettuno Arezzo Argegno Asti Avellino Bari Belluno Bergamo Biella Bologna Bolzano Bra Brescia Cagliari Caldaro sulla Strada del Vino Camerino Campodolcino Capri Carmagnola Carrara Caserta Catania Catanzaro Celle Ligure Certaldo Certosa di Pavia Chieti Chivasso Cinque Terre National Park Civitanova Marche Como Cosenza Crema Cremona Cuneo Desenzano del Garda Fermo Ferrara Florence Foligno Forlì Gallarate Genoa Gorizia Iglesias Imperia Ivrea L'Aquila Lana La Spezia Latina Lecce Lecco Livorno Lodi Lucca Mantova Merano Mercogliano Messina Milan Mirandola Modena Mondovi Montecatini Terme Monza Napoli Novara Offida Oristano Orvieto Padova Palermo Parma Pavia Perugia Pescara Piacenza Pisa Pordenone Prato Ravenna Reggio di Calabria Reggio Emilia Rimini Riva del Garda Rome Saint-Vincent Salerno Salsomaggiore Terme Saluzzo San Donà di Piave Sanremo Sassari Savona Siena Somma Lombardo Sulmona Taormina Tirano Trani Trapani Trento Treviso Trieste Turin Udine Val Gardena Varese Venice Vercelli Verona Vicenza Ivory Coast Abidjan Jamaica Kingston Japan Akita Asahikawa Beppu Chiba Ena Fujikawaguchiko Fujisawa Fukui Fukuoka Fukuroi Fukushima Gifu Hachioji Hakodate Hakone Hanamaki Higashimurayama Himeji Hiroshima Honjo Ichinomiya Ikoma Ina Inuyama Ise Isehara Iwakuni Kagoshima Kanazawa Kannami Kawagoe Kawanishi Kawasaki Kiryu Kitakyushu Kobe Kochi Kofu Komaki Kōya Kumamoto Kure Kurume Kuwana Kyoto Maoka Marugame Matsumoto Matsushima Matsuyama Mishima Mito Miyazu Miyoshi Nagakute Nagasaki Nagoya Naha Nanae Narita Niigata Nikko Noboribetsu Odawara Odomari Oita Okayama Okazaki Ome Omuta Osaka Otsu Saga Sakura Sapporo Sendai Shibukawa Shimonoseki Shiobara Shizuoka Tachikawa Takamatsu Takaoka Tateyama Tatsuno Tokyo Toyama Toyohashi Toyota City Tsuchiura Tsukuba Ueda Urayasu Ureshino Utsunomiya Wakayama Yakushima Yokohama Yonago Kazakhstan Aktau Aktobe Almaty Astana Atyrau Karaganda Kostanay Novaya Bukhtarma Oral (Uralsk) Pavlodar Petropavlovsk Shymkent Taldykorgan Taraz Temirtau Turkestan Ust-Kamenogorsk Kyrgyzstan Balykchy Batken Bishkek Manas Naryn Osh Latvia Daugavpils Jekabpils Jelgava Jurmala Kemeri Liepaja Preiļi Rezekne Riga Valmiera Ventspils Lebanon Beirut Tripoli Liechtenstein Vaduz Lithuania Alytus Biržai Druskininkai Jonava Joniškis Jurbarkas Kaišiadorys Kaunas Kėdainiai Kelmė Klaipeda Molėtai Pakruojis Palanga Šalčininkai Šilalė Skuodas Tauragė Trakai Utena Vilnius Luxembourg Esch-sur-Alzette Luxembourg Malaysia Genting Highlands George Town Kuala Lumpur Langkawi Malacca City Malta Valletta Mauritius Port Louis Mexico Aguascalientes Chihuahua Ciudad Juárez Guadalajara Hidalgo del Parral Lerdo - Gomez Palacio Mexico City Monterrey Nuevo Laredo Pachuca Puebla - Cholula Real de Catorce - El Potrero San Luis Potosi Tampico Torreon Veracruz Moldova Bălți Bender Chișinău Solonceni Tiraspol Monaco Monaco Mongolia Ulaanbaatar Morocco Casablanca Marrakesh Rabat - Salé Tetouan Mozambique Maputo Myanmar Mandalay Yangon Nepal Kathmandu Netherlands Achterhoek – Rivierenland Alkmaar Almere Amsterdam Apeldoorn – Deventer – Zwolle Arnhem Breda – Roosendaal Dordrecht – Zwijndrecht – Papendrecht Eindhoven Enschede Frisian islands Groningen Haarlem Hoeksche Waard – Goeree-Overflakkee Hoorn Houten Leeuwarden Leiden – Gouda – Alphen aan den Rijn Maastricht Nijmegen Oranjestad Ouddorp Rotterdam Schiphol ’s-Hertogenbosch Sittard The Hague Tilburg Twente Utrecht Venlo Willemstad Zaanstreek Zeeland New Zealand Auckland Christchurch Dunedin Ferrymead Foxton New Plymouth Paekakariki Wanganui Wellington Nigeria Abuja Calabar Lagos Port Harcourt North Korea (DPRK) Anju Chongjin Hakmu Hamhung Holdong Hongwon Huichon Kaljon Kanggye Kimchaek Kubong Kumgol Mannyon Manpo Mount Paektu Myongdang Nampo Onsong Pyongsong Pyongyang Ryongdung Sangnong Sariwon Sinhung Sinuiju Sudong Sunchon Tokchon Unhung Wonsan North Macedonia Skopje Norway Alesund Bergen Drammen Halden Kristiansand Oslo Trondheim Pakistan Karachi Lahore Panama Panama Paraguay Asunción Peru Arequipa Lima Philippines Bagac Cebu Corregidor island Manila Tagaytay Poland Augustów Bełchatów Bialystok Bielany-Żyłaki Bielsko-Biala Bielsk Podlaski Bobowa Bolechowo-Osiedle Bolesławiec Bydgoszcz Chełm Chodzież Ciechanów Ciechocinek Cieszyn Czechowice-Dziedzice Częstochowa Dębica Działdowo Elbląg Ełk Gdańsk Gdynia Giżycko Głogów Gniezno Godzianów Gorzów Wielkopolski Grabów nad Pilicą Gręboszów Grodzisk Mazowiecki Grudziądz Iława Inowrocław Jasło Jawor Jawornik Polski Jaworzno Jelenia Góra Kalisz Kętrzyn Kielce Konin Kórnik Kościerzyna Koszalin Kozienice Kraków Kraśnik Krasnopol Krosno Krynica-Zdrój Kutno Lębork Legnica Lidzbark Warmiński Łódź Łomża Lublin Malbork Malczyce Metropolis GZM Michałowice Miechów Międzybrodzie Żywieckie Mielec Mińsk Mazowiecki Mrągowo Mrozy Muszyna Myszków Nałęczów Nowa Ruda Nowy Tomyśl Nysa Ojrzeń Olsztyn Opoczno Opole Ostróda Ostrołęka Ostrowiec Świętokrzyski Ostrów Wielkopolski Oświęcim Ożarów Mazowiecki Pabianice Pelplin Piła Piotrków Trybunalski Platerów Płock Polkowice Pomiechówek Poznań Pruszków Przemyśl Pszczyna Pułtusk Racibórz Radom Redecz Krukowy Rusinów Rybnik Rzeczyca Rzeszów Sadowne Sanok Siedlce Sieradz Skalbmierz Słupsk Śniadowo Sochaczew Środa Śląska Stalowa Wola Starachowice Stargard Sulejówek Suwałki Swarzędz Świdnica Świnoujście Szczecin Szczecinek Szczekociny Szczytno Tarnow Toruń Troszyn Wałbrzych Wałcz Warsaw Wejherowo Włocławek Wołomin Wrocław Września Zakopane Zakrzew Zamość Zawiercie Zduńska Wola Zduny Zielona Góra Żory Portugal Albufeira Almada Aveiro Barreiro Braga Cascais Coimbra Entroncamento Evora Faro Funchal Guimarães Lagos Leiria Lisbon metropolitan area Nazare Oeiras Olhao Portimao Porto Sintra Viana do Castelo Viseu Qatar Doha Lusail Romania Adjud Agnita Aiud Alba Iulia Alexandria metropolitan area Anina Arad Bacău Baia Mare & Seini Bălcești Bârlad Bistrița metropolitan area Blaj Borsec Botoșani Brad & Crișcior Brăila Brașov Bucharest - Ilfov Buzău Câmpulung Câmpulung Moldovenesc Caracal & Drăgănești-Olt Caransebeș Carei Cernavodă Cluj-Napoca Constanţa & coastline Craiova metropolitan area Curtea de Argeș Dăbuleni Dej Deta & Gătaia Deva & Hunedoara metropolitan area Dorohoi Drobeta-Turnu Severin Făgăraș Fetești Flămânzi Focșani & Odobești Galaţi Gheorgheni Gura Humorului Horezu Huși Iaşi Întorsura Buzăului Jimbolia Lugoj Mediaș Miercurea Ciuc Motru Novaci Ocna Mureș Odorheiu Secuiesc Oltenița Onești Oradea Pașcani Piatra Neamț Pitești & Mioveni Ploiești Prahova Valley Râmnicu Sărat Râmnicu Vâlcea Reșița & Bocșa Roman Salonta Sărmașu Satu Mare Sebeș Sereca Sfântu Gheorghe Sibiu & Rășinari Sighetu Marmației Sighișoara Șimleu Silvaniei Siret Slănic Slănic-Moldova Slatina Slobozia Sovata & Praid Suceava Târgoviște & Pucioasa Târgu Jiu metropolitan area Târgu Lăpuș Târgu Mureș Târnăveni Tecuci Timișoara Tulcea Turda Valea Jiului Vaslui Vicovu de Sus Vișeu de Sus Zalău Russia Abakan Abinskaya Achinsk Almetyevsk Angarsk Arkhangelsk Armavir Astrakhan Balakovo Barnaul Belgorod Berezniki Biysk Blagoveshchensk Bratsk Bryansk Cheboksary Chelyabinsk Cherepovets Cherkessk Cheryokha Cheryomushki Chita Dzerzhinsk Engels Gatchina Grozny Ilskaya Irbit Irkutsk Ivanovo Izhevsk Kachkanar Kakhtisar Kaliningrad Kaluga Kamensk-Uralsky Kamyshin Karpinsk Kazan Kemerovo Khabarovsk Khimki Kirov Kislovodsk Kolomna Komsomolsk-on-Amur Kopeysk Kostroma Kovrov Krasnodar Krasnogorsk Krasnoturyinsk Krasnoyarsk Krymskaya Kurgan Kursk Leninsk-Kuznetskiy Likino-Dulyovo Lipetsk Magnitogorsk Makhachkala Malakhovka Malyshev Log Maykop Miass Monchegorsk Moscow Murmansk Mytishchi Naberezhnye Chelny Nalchik Neftekamsk Nizhnekamsk Nizhniy Tagil Nizhny Novgorod Noginsk Norilsk Novocheboksarsk Novocherkassk Novokujbyshevsk Novokuznetsk Novorossiysk Novosibirsk Novotroitsk Nytva Odintsovo Omsk Orenburg Orsk Oryol Osinniki Other cities of the Russian Federation Penza Perm Petrozavodsk Podolsk Popovka Prokopyevsk Pskov Pyatigorsk Ramon Rostov Rostov-na-Donu Rubtsovsk Ryazan Rybinsk Sablino Saint-Petersburg Salavat Samara Saransk Saratov Sarov Senduga Shakhty Smolensk Sochi Sovetsk Staraya Russa Stary Oskol Stavropol Sterlitamak Svetlogorsk Syzran Taganrog Tambov Tolyatti Tomsk Tula Tver Tyumen Ufa Ulan-Ude Ulyanovsk Usolye-Sibirskoye Ust-Ilimsk Ust-Katav Velikiy Novgorod Verkhniaya Pyshma Verkhny Baksan Vidnoye Vladikavkaz Vladimir Vladivostok Volchansk Volgodonsk Volgograd Vologda Volzhsky Voronezh Vyborg Vyritsa Yaroslavl Yekaterinburg Yoshkar-Ola Yuzhno-Sakhalinsk Zakhodskoye Zlatoust San Marino San Marino Saudi Arabia Al-Ula Jedda Mecca Riyadh Senegal Dakar Serbia Belgrade Cerovac Jagodina Niš Novi Sad Subotica Singapore Singapore Slovakia Banská Bystrica Bratislava Demänovská Dolina Dunajská Streda High Tatras Košice Liptovsky Mikulas Ľubochňa Lučenec Prešov Šaľa Trenčianska Teplá Trnava Žilina Slovenia Ljubljana Maribor Piran South Africa Bloemfontein Cape Town Durban East London Franschhoek Isipingo Johannesburg Kimberley Pietermaritzburg Port Elisabeth Pretoria South Korea (ROK) Alpensia Busan Cheorwon Daegu Daejeon Gangjin Gohan Gumi Gwangju Haenam Hamyang Hapcheon Hwa-am-myeon Jecheon Jeju Island Karisan Mohusan Muju Mungyeong Samcheok Seodaesan Seoul Suncheon Ulleung Island Ulsan Wando Yeongju Yokji Island Spain A Coruña Alcorcón Algeciras Alicante Aranjuez Azpeitia Badajoz Barcelona Bilbao Cáceres Cádiz Castellón de la Plana Elche Fuenlabrada Gijón Girona Granada Irun Jaén Las Palmas de Gran Canaria León Madrid Malaga Mataró-Argentona Montserrat and Mountain Region of Catalonia Murcia Oviedo Palma de Mallorca Pamplona Parla Pontevedra Sabadell San Sebastián Santa Cruz de Tenerife Santander Sant Cugat del Vallès Sevilla Sóller Tarragona Valdemoro Valencia Valladolid Valle de los Caidos Velez Malaga Vigo Vitoria-Gasteiz Zaragoza Sri Lanka Colombo Sudan Khartoum Sweden Älvängen Ängelholm Åre Borås Eskilstuna Falkenberg Gävle Gothenburg Halmstad Helsingborg Jönköping Karlskrona Karlstad Kiruna Laholm Landskrona Lidköping Linköping Lund Malmköping Malmö Norrköping Södertälje Stockholm Sundsvall Ulricehamn Uppsala Varberg Vasteras Ystad Switzerland Aarau Aigle - Bex Altdorf Altstätten Amriswil Appenzell Arbon Baden Bad Ragaz Bad Zurzach Basel Bellinzona Bern Biel Brig Brugg Chiasso Chur Cossonay Davos Delémont Elm Engelberg Frauenfeld - Wil Fribourg Geneva Giessbach Gimel – Aubonne Gland Grenchen Gruyères Gstaad Guttannen Interlaken Kreuzlingen La Chaux-de-Fonds Lausanne Le Locle Lenzburg Leysin Liestal-Waldenburg Ligerz Linthal - Braunwald Locarno Lucerne Lugano Martigny Meiringen Mülenen Mürren Nesslau Neuchâtel Olten Rapperswil-Jona Rheineck Ritom Saas-Fee Saint-Imier Sarnen Schaffhausen Schwyz Scuol Sierre Sion Solothurn Spiez Stans St. Gallen St-Luc St. Moritz Sursee Thun Unterwasser Val-de-Ruz Vevey —  Montreux — Blonay Winterthur Wohlen Yverdon-les-Bains Zermatt Zug Zurich Syria Aleppo Damascus Taiwan (ROC) Kaohsiung Taichung Taipei Tajikistan Bokhtar Dushanbe Khudzhand Kulyab Tursunzade Yovon Thailand Bangkok Chiang Mai Khlong Kra Saeng Ko Samui Lopburi Phatthaya Phra Chedi Ket Kaeo Prasat Phuket Songkhla The Isle of Man Douglas Laxey The United Kingdom Aberdare Aberdeen Accrington Alford Ashton-under-Lyne Atherton Barnsley Barrow-in-Furness Bath Beamish Belfast Bexleyheath Birkenhead Birmingham Blackburn Blackpool Bolton Bournemouth Bradford Brighton and Hove Bristol Burnley Burton-upon-Trent Bury Cambridge Canvey Island Cardiff Carlisle Cheltenham Chester Chesterfield Cleethorpes Coatbridge Colchester Colne Coventry Crich Cruden Bay Darlington Darwen Derby Doncaster Dudley Dundee Dunfermline Eastbourne Edinburgh Exeter Falkirk Farnworth Felixstowe Gateshead Glasgow Glossop Gloucester Gosport Great Yarmouth Grimsby Halifax Hamilton Hartlepool Haslingden Hastings Hellingly Heywood Huddersfield Ilkeston Ipswich Isle of Thanet Jarrow Jurby Kingston upon Hull Kinver Kirkaldy Lancaster Leamington Leeds Leicester Lincoln Liverpool Llandudno Llanelly London Lowestoft Luton Lytham St. Annes Maidstone Manchester Mansfield Matlock Merthyr Tydfil Mexborough & Swinton Middlesbrough Middleton Morecambe Nelson Newcastle upon Tyne Newport Newry Northampton Norwich Nottingham Oldham Oxford Perth Peterborough Pontypridd - Porth (Rondhha) Portrush Portsmouth Preston Ramsbottom Rawtenstall Reading Rochdale Rotherham Saint Helena Sandtoft Scarborough Seaton Sheffield Shipley Southampton Southend-on-Sea Southport South Shields St. Helens Stockport Sunderland Swansea Swindon Tynemouth Tyneside Wallasey Walsall Walton-on-the-Naze Warrington Wednesbury Weston-super-Mare West Yorkshire Wigan Wisbech Wolverhampton Worcester Wrexham York Trinidad and Tobago Port of Spain Tunisia Tunis Turkey Adana Alanya Ankara Antalya Arifiye Bursa Duzce Eskişehir Gaziantep Gebze Istanbul Izmir Izmit Kayseri Konya Malatya Mersin Sakarya Samsun Sanliurfa Turkmenistan Arkadag Ashgabat Ukraine Alchevsk Antratsyt Avdiivka Bakhmut Banne Berdiansk Berdychiv Bila Tserkva Brovary Burshtin Cetatea Alba Cherkasy Chernihiv Chernivtsi Crimean trolleybus Dnipro Dobropillia Donetsk Druzhkivka Dzerzhinsk Evpatoria Horlivka Hostomel Ivano-Frankivsk Kamianets-Podilskyi Kamianske Kerch Kharkiv Khartsyzk Kherson Khmelnytskyi Kolomyia Konotop Kostiantynivka Kramatorsk Krasnodon Kremenchuk Kropyvnytskyi Kryvyi Rih Kyiv Lisichansk Lozova Luhansk Lutsk Lviv Makiivka Mariupol Melitopol Molochne Mykolaiv Nikopol Nizhyn Odesa Poltava Radomyshl Rivne Sevastopol Sievierodonetsk Simferopol Sloviansk Stakhanov Sumy Ternopil Uman Uzhgorod Vinnytsia Vuhlehirsk Vyshhorod Yenakiieve Zaporizhzhia Zhytomyr United Arab Emirates Abu Dhabi Dubai Sharjah United States Aberdeen, SD Aberdeen, WA Akron Albany, GA Albany, NY Albia Albuquerque Alexandria, LA Alexandria, VA Aliquippa Allentown Alliance Alton Altoona Amarillo Anaconda Anaheim Anderson, SC Annapolis Anniston Antelope Valley Appleton Arvin Asbury Park Asheville Ashland Ashtabula Aspen Astoria Atchison Athens Atlanta Atlantic City Atlantic Shore Line Attleboro Auburn, NY Augusta, GA Augusta, ME Aurora Austin Babylon Bakersfield Baltimore Bangor, ME Bangor, PA Baton Rouge Battle Creek Bay City Bayonne Beacon Bellingham Belmont Benton Harbor Berlin, NH Biddeford and Saco Billings Binghamton Birmingham Blacksburg Bloomsburg Boone Boston Boulder Bradenton Brattleboro Bridgeport Bridgeton Bristol, CT Bristol, PA Brooks, OR Brunswick, ME Buckeye Lake Buffalo Burlington, IA Burlington, VT Butler Butte Cairo, IL Calais Cambridge, OH Camden Canton, MA Canton, OH Cape Charles Cape May Catskill Cedar Rapids Centerville Centralia, IL Chambersburg Charles City Charleston, SC Charleston, WV Charlotte Charlottesville Chattanooga Chester Cheyenne Chicago Chickasha Chico Chippewa Lake Cincinnati Clarksburg Clarkston Clemson Cleveland Cleveland & Southwestern Clinton Coffeyville Colorado Springs Columbia, SC Columbus, GA Columbus, OH Commerce Concord Conneaut Connecticut Company Corning Corry Cortland Coshocton Covington Culver Dallas Danbury Danville, IL Danville, VA Davenport Davis Dayton Decatur, IL Denver Derby Derry Des Moines Detroit Douglas Dover, NH DuBois Dubuque, IA Duluth, GA Duluth, MN Durham Eastern Massachusetts Eastern Ohio Eastern Pennsylvania East Haven - Branford East Liverpool East St. Louis East Troy East Windsor Eau Claire Edgartown Elizabeth Elmira El Monte El Paso El Reno Ephrata Erie Eureka, CA Evansville Everett Exeter, NH Fairfield, ME Fargo Findlay Fitchburg Flint Fonda–Johnstown–Gloversville Fond Du Lac Fort Collins Fort Dodge Fort Smith Fort Wayne Fort Worth Fostoria Framingham Fredonia Fremont, OH Fresno Gadsden Galesburg Galveston Gardena Gary Gastonia Gettysburg Girardville Glen Cove Glendale Gloucester Grand Forks Grand Rapids Grass Lake Grass Valley Great Falls Green Oak Greensboro Greenville Greenwich Guthrie Hagerstown and Frederick Hamilton, OH Hammond Hanover, PA Harrisburg Hartford Hazleton Helena Hershey Highwood, IL Holyoke Honolulu Hot Springs Houston Hudson and Manhattan Huntington, NY Huntington, WV Huntsville Hutchinson Ida Grove Illinois Terminal Railroad Independence Indianapolis Indiana Railroad Interstate Public Service Ironwood Irvine Issaquah Ithaca Jacksonville, FL Jacksonville, IL Jamestown Jeffersonville Jersey City Johnstown Joliet Joplin Kalamazoo Kankakee Kansas City Kennebunkport Kenosha Keokuk Ketchikan Kewanee Keyport Kingston, NY Kittery Knoxville Laconia Lafayette Lake Charles Lake Shore Electric Lancaster Lancaster, OH Lancaster, PA Las Vegas Lawrence, KS Lewiston, ME Lewistown, PA Lexington Lima Lincoln Little Rock Lock Haven Logansport Long Beach Lorain Los Angeles Louisville Lowell Lubbock Lynchburg, VA Macon Madison Manchester, NH Mansfield Marion, IL Marion, IN Marion, OH Marquette Marshalltown Mason City Mayaguez Meadville Memphis Menominee Meriden Meyersdale Miami, FL Miami, OK Michigan City Michigan United Middletown, CT Middletown, DE Middletown, PA Milton Milwaukee Minneapolis–St. Paul Missoula Mobile Modesto Monongahela West Penn Monroe Monterey Montgomery Montpelier Morgantown Morristown Morrisville Mount Clemens Mount Pleasant Muncie Muscatine Muskegon Muskogee Nanticoke Nantucket Napa Nashville Nazareth Negaunee New Albany Newark New Bedford New Brighton New Britain Newburgh New Castle, PA New Haven New London New Orleans Newport Newport News Newton New York City Noblesville Norfolk Norristown Northeastern Massachussetts Northern Virginia Northport Norwalk CA Norwalk, CT Norwalk, OH Norwich Ohio Electric Oil City Oklahoma City Okmulgee Olean Olympia Omaha Oneonta Ontario, CA Orange Orlando Oshkosh Oskaloosa Ossining Oswego Ottawa, IL Ottumwa Oxford, MI Painesville Park City Parkersburg Pasadena Patchogue Paterson Peekskill Pekin, IL Pen Argyl Penn-Ohio System Penns Grove Pensacola Peoria Perris Philadelphia Phoenix Phoenixville Pine Bluff Pittsburg Pittsburgh Pittsfield Plainfield Plattsburgh Plymouth Pomeroy Ponce Pontiac Port Arthur, TX Port Chester Port Clinton Portland, ME Portland, OR Portsmouth, NH Portsmouth, OH Portsmouth, VA Pottstown Poughkeepsie Presque Isle Princeton–Bluefield Providence Public Service Corp. of NJ Pueblo Raleigh Reading Reno Richmond, VA Riverside, CA Roanoke Rochester Rockford Rockhill Rock Island Rockland Ronceverte Rutland Sacramento Saginaw Salem, OR Salina Salt Lake City San Antonio San Bernardino San Diego Sandusky Sanford San Francisco Bay Area San Jose San Juan San Pedro Santa Barbara Santa Cruz Santa Maria Santa Monica Savannah Schenectady Scranton Sea Cliff Seattle Seneca Falls Shamokin Sharon Shawnee Sheboygan Sheffield, AL Shelburne Falls Shore Line Electric Shreveport Sioux City Sioux Falls Sistersville Skowhegan Snoqualmie South Bend South Elgin South Fork South Lake Tahoe South Paris Spokane Springfield, IL Springfield, MA Springfield, MO Springfield, OH Springfield, VT Stamford St. Charles Steubenville St. Joseph St. Louis Stockton Stone Mountain St. Petersburg Stroudsburg Suisun City Sulphur Rock, AR Sunbury Syracuse Tacoma Tallahassee Tampa Tarentum Taunton Terre Haute Texarkana Tiffin Toledo Topeka Torrington Trenton Tucson Tulsa Tuscaloosa Union Uniontown Union Traction of Indiana Urbana–Champaign Utica Vancouver, WA Ventura Vicksburg Victor Valley Vincennes Visalia Warren, OH Warren, PA Washington, DC Washington, IN Washington, PA Waterbury Waterloo, IA Waterville Waukegan Waverly West Chester Western Pennsylvania Wheaton, IL Wheeling Wichita Wildwood Wilkes-Barre Williamsport, PA Wilmington Windber Winfield Winston-Salem Winthrop Worcester Worthington Yakima York Youngstown Zanesville Uruguay Montevideo Uzbekistan Almalyk Andizhan Angren Bukhara Dzhizak Fergana Karakul Namangan Navoi Nukus Qarshi Samarqand Tashkent Urgench Venezuela Barquisimeto Caracas Carúpano Macuto - La Guaira - Maiquetía Maracaibo Merida Valencia Vietnam Haiphong Hanoi Ho Chi Minh City Nha Trang Phu Quoc Island Sa Pa Forums Terms & Conditions Editorial Team Mobile version Dark Theme © TransPhoto administration and authors of photos, 2002—2026 Using any images from this website without authors' permission is prohibited.