trivago.jp - Compare hotel prices worldwide EN · ￥ Sign in Menu Menu Save up to 50% on your next hotel stay We compare hotel prices from over 100 sites Destination Check-in/out Loading Guests and rooms Loading Search Our Partners +100 more Search simply Easily search through millions of hotels in seconds. Compare confidently Compare hotel prices from over 100 sites at once. Save big Discover a great deal to book on our partner sites. Discover the best time to book your next stay Tokyo Kyoto Osaka Fukuoka Sapporo Nagoya Yokohama Sendai Hiroshima Kobe Prices shown are our lowest per night for 3-star double rooms based on searches on trivago from the past 7 days. Popular searches Cities Destinations Tokyo 5,369 Hotels ¥25,997 Avg. Kyoto 2,893 Hotels ¥20,878 Avg. Osaka 3,765 Hotels ¥18,796 Avg. Fukuoka 965 Hotels ¥26,232 Avg. Sapporo 784 Hotels ¥29,958 Avg. Nagoya 456 Hotels ¥17,328 Avg. previous next More popular searches Hotels in Tokyo Hotels in Kyoto Hotels in Osaka Hotels in Fukuoka Hotels in Sapporo Hotels in Nagoya Hotels in Yokohama Hotels in Sendai Hotels in Hiroshima Hotels in Kobe Hotels in Naha Hotels in Atami Hotels in Urayasu Hotels in Hakodate Hotels in Kumamoto Hotels in Nagasaki Hotels in Hakone Hotels in Beppu Hotels in Seoul Hotels in Kanazawa Hotels in Miyazaki Hotels in Kagoshima Hotels in Niigata Hotels in Oita Hotels in Hamamatsu Hotels in Okayama Hotels in Shizuoka Hotels in Chiba Hotels in Matsuyama Hotels in Nara Hotels in Asahikawa Hotels in Ise Hotels in Kochi Hotels in Takamatsu Hotels in Himeji Hotels in Nagano Hotels in Obihiro Hotels in Toba Hotels in Utsunomiya Hotels in Matsumoto Hotels in Kurashiki Hotels in Ishigaki-shi Hotels in Kitakyushu Hotels in Taipei City Hotels in Morioka Hotels in Toyama Hotels in Yamagata Hotels in Shirahama Hotels in Izu Hotels in Akita Hotels in Numazu Hotels in Kawasaki Hotels in Miyako-jima Hotels in Otaru Hotels in Kusatsu Hotels in Saga Hotels in Matsue Hotels in Bangkok Hotels in Karuizawa Hotels in Nikko Hotels in Sasebo Hotels in Aomori Hotels in Gotenba Hotels in Ito Hotels in Kirishima Hotels in Izumo Hotels in Kamakura Hotels in Wakayama Hotels in Shimonoseki Hotels in Iwaki Hotels in Kushiro Hotels in Aizuwakamatsu Hotels in Takayama Hotels in Noboribetsu Hotels in Narita Hotels in Koriyama Hotels in Tokushima Hotels in Mito Hotels in Gifu Hotels in Funabashi Hotels in Onna Hotels in Chitose Hotels in Singapore Hotels in Fukushima Hotels in Yonago Hotels in Hachinohe Hotels in Fukuyama Hotels in Nasushiobara Hotels in Kofu Hotels in Fujikawaguchiko Hotels in Aso Hotels in Gero Hotels in Saitama Hotels in Chatan Hotels in Tsu Hotels in Paris Hotels in Otsu Hotels in Tachikawa Hotels in Yokkaichi Hotels in Nasu Hotels in Kurume Hotels in Kisarazu Hotels in Busan Hotels in Nagaoka Hotels in Nago Hotels in Toyohashi Hotels in Honolulu Hotels in Ibusuki Hotels in Kawagoe Hotels in Hirosaki Hotels in Kakegawa Hotels in Hong Kong Hotels in Oarai Hotels in Fukui Hotels in Tomakomai Hotels in Miyakonojo Hotels in Tateyama Hotels in Matsushima Hotels in Takasaki Hotels in Hanamaki Hotels in Amagasaki Hotels in Toyooka Hotels in Odawara Hotels in Shima Hotels in Hakuba Hotels in Machida Hotels in Matsusaka Hotels in Onomichi Hotels in Kaga Hotels in Toyako Hotels in Barcelona Hotels in Tsukuba Hotels in Marugame Hotels in Mishima Hotels in Imabari Hotels in Kitami Hotels in Shimoda Hotels in Sagamihara Hotels in Hachioji Hotels in Pattaya Hotels in Higashiizu Hotels in Amakusa Hotels in Maebashi Hotels in Kashiwa Hotels in Ureshino Hotels in Shimabara Hotels in Gamagori Hotels in Okinawa Hotels in Suwa Hotels in Sakai Hotels in Präfektur Okinawa Hotels in Prefecture Tokyo Hotels in Japan Hotels in Präfektur Hokkaido Hotels in Präfektur Mie Hotels in Osaka Prefecture Hotels in Kanagawa Prefecture Hotels in Kanto Hotels in Kyoto Prefecture Hotels in Präfektur Aichi Hotels in Präfektur Kagawa Hotels in Präfektur Miyagi Hotels in Präfektur Shiga Hotels in Kyushu Island Hotels in Präfektur Hyogo Hotels in Präfektur Yamanashi Hotels in Präfektur Gunma Hotels in Kinki Hotels in Präfektur Tochigi Hotels in Präfektur Yamaguchi Hotels in Präfektur Ibaraki Hotels in Präfektur Ishikawa Hotels in Präfektur Fukui Hotels in Präfektur Shizuoka Hotels in Präfektur Shimane Hotels in Präfektur Niigata Hotels in Präfektur Saitama Hotels in Guam Hotels in Präfektur Chiba Hotels in Präfektur Tottori Hotels in Präfektur Iwate Hotels in Präfektur Ehime Hotels in Nagano Prefecture Hotels in Präfektur Kumamoto Hotels in Shikoku Island Hotels in Präfektur Fukuoka Hotels in Hokkaido Hotels in Präfektur Oita Hotels in South Korea Hotels in Taipei Hotels in Seoul Hotels in Präfektur Hiroshima Hotels in Cebu Island Hotels in Chubu und Hokuriku Hotels in Maldives Hotels in Tohoku Hotels in Präfektur Toyama Hotels in Präfektur Nagasaki Hotels in Oahu Hotels in Präfektur Kochi Hotels in Präfektur Wakayama Hotels in Präfektur Fukushima Hotels in Bali Hotels in Präfektur Nara Hotels in Chugoku Hotels in Präfektur Okayama Hotels in Präfektur Miyazaki Hotels in Hawaii Hotels in Taiwan Hotels in Präfektur Yamagata Hotels in Präfektur Saga Hotels in Präfektur Kagoshima Hotels in Präfektur Gifu Hotels in Madrid Hotels in Zürich Hotels in Tokushima Prefecture Hotels in Präfektur Aomori Hotels in Mactan Island Hotels in Santorini Island Hotels in Präfektur Akita Hotels in Kaohsiung Hotels in Boracay Hotels in Đà Nẵng Hotels in Jeju-do Hotels in Vietnam Hotels in Thailand Hotels in Island of Hawaii Hotels in Shanghai Hotels in California Hotels in Paris Hotels in Central Region Hotels in Al Jizah Hotels in Metro Manila Hotels in Singapore Hotels in Palau Hotels in Catalonia Hotels in Malta Hotels in Malaysia Hotels in Berlin Hotels in Kauai Hotels in Lazio Hotels in Gyeonggi-do Hotels in Hawke's Bay Hotels in Capital Governorate Hotels in Hong Kong Hotels in India Hotels in Greater London Hotels in Portugal Hotels in Czech Republic Hotels in Turkey Hotels in Dubai Hotels in Southern Region Hotels in Île-de-France Hotels in Brussels Capital region Hotels in Capital Region of Denmark Hotels in Tahiti Hotels in Taitung Hotels in Cambodia Hotels in Kuala Lumpur Hotels in Phnom Penh Hotels in Hanoi Hotels in Taoyuan Hotels in Surat Thani Province Hotels in Asia Hotels in China Hotels in Denmark Hotels in Fiji Hotels in Laos Hotels in New Zealand Hotels in Palau Hotels in Switzerland Hotels in Spain Hotels in Andalusia Hotels in Massachusetts Hotels in Texas Hotels in Maui Hotels in Prague Hotels in Heilongjiang Hotels in Malacca Hotels in Greater Banjul Area Hotels in Kaunas Hotels in Yilan Hotels in Australia & Oceania Hotels in France Hotels in Monaco Hotels in Philippines Hotels in Uzbekistan Hotels in Cantabria Hotels in Washington Hotels in Aswan Hotels in Tunis Hotels in England Hotels in Baja California Sur Hotels in Stockholms län Hotels in Selangor Hotels in Ho Chi Minh Municipality Hotels in Kien Giang Province Hotels in Yogyakarta Hotels in Viti Levu Group Hotels in Bahamas trivago international sites trivago ‏ UAE trivago ‏ Argentina trivago ‏ Österreich trivago ‏ Australia trivago ‏ België trivago ‏ България trivago ‏ Brasil trivago ‏ Canada trivago ‏ Schweiz trivago ‏ Chile trivago ‏ Colombia trivago ‏ Česko trivago ‏ Deutschland trivago ‏ Danmark trivago ‏ Ecuador trivago ‏ España trivago ‏ Suomi trivago ‏ France trivago ‏ Ελλάδα trivago ‏ 香港 trivago ‏ Hrvatska trivago ‏ Magyarország trivago ‏ Indonesia trivago ‏ Ireland trivago ‏ ישראל trivago ‏ India trivago ‏ Italia trivago ‏ 日本 trivago ‏ 한국 trivago ‏ México trivago ‏ Malaysia trivago ‏ Nederland trivago ‏ Norge trivago ‏ New Zealand trivago ‏ Perú trivago ‏ Pilipinas trivago ‏ Polska trivago ‏ Portugal trivago ‏ România trivago ‏ Srbija trivago ‏ Sverige trivago ‏ Singapore trivago ‏ العالم العربي trivago ‏ Slovenija trivago ‏ Slovensko trivago ‏ ประเทศไทย trivago ‏ Türkiye trivago ‏ 台灣 trivago ‏ United Kingdom trivago ‏ USA trivago ‏ Uruguay trivago ‏ Việt Nam trivago ‏ South Africa Facebook Twitter Instagram Youtube Linkedin Arab World (العالم العربي) Argentina Australia Austria (Österreich) Belgium (België) Brazil (Brasil) Bulgaria (България) Canada Chile Colombia Croatia (Hrvatska) Czechia (Česko) Denmark (Danmark) Ecuador Finland (Suomi) France Germany (Deutschland) Greece (Ελλάδα) Hong Kong (香港) Hungary (Magyarország) India Indonesia Ireland Israel (ישראל) Italy (Italia) Japan (日本) Korea (한국) Malaysia Mexico (México) Netherlands (Nederland) New Zealand Norway (Norge) Peru (Perú) Philippines (Pilipinas) Poland (Polska) Portugal Romania (România) Serbia (Srbija) Singapore Slovakia (Slovensko) Slovenia (Slovenija) South Africa Spain (España) Sweden (Sverige) Switzerland (Schweiz) Taiwan (台灣) Thailand (ประเทศไทย) Turkey (Türkiye) UAE United Kingdom Uruguay USA Vietnam (Việt Nam) Company Jobs Press Investor relations Mobile apps - searching on the go trivago for hoteliers Help Learn how trivago works Terms and conditions Legal information Do not sell my personal information Privacy notice DSA information Cybersecurity Vulnerability Disclosure Program trivago N.V. , Kesselstraße 5 – 7, 40221 Düsseldorf, Germany Copyright 2026 trivago | All rights reserved.