How many weeks until? Language: en | fr | es | de | it | nl Login | Signup How many weeks until? How many weeks until? Christmas ? Payday? Holiday? Retirement? Birthday? Count down to Holiday? When is Thanksgiving 2026 How many days until Christmas? How many weeks in a year ? and more on our new Blog ! How many months between 2 dates? NEW - Where shall we meet? There are 0 weeks until Christmas × Reminder Email Select a date // Remind me: 1 day before 2 days before 3 days before 4 days before 5 days before 6 days before 7 days before 8 days before 9 days before 1 week before 2 weeks before 3 weeks before 4 weeks before 5 weeks before 6 weeks before 7 weeks before 8 weeks before 9 weeks before Save Close × Add to 'My Weeks Until' Date: 30 November -1 Name: (you can edit this name any time) Save Close Weeks until a specific date? Find / / 2025 2026 2027 How many Days between two dates? New! Sleeps Until ? New! How many Sleeps between two dates/times? New! How many Hours between two dates/times? How many Minutes between two dates/times? How many Seconds between two dates/times? How many Weeks between two dates? How many weeks pregnant are you? Two weeks today is? On This Day In History | Calculate Weeks Until Retirement Find when is or when was an event in the past and future Worldwide events New Year's Day - 52 weeks Epiphany Day - 51 weeks March equinox - 49 weeks Valentine's Day - 45 weeks Eid -Ul-Fitr 2026 - 11 weeks Maundy Thursday 2026 - 13 weeks Good Friday 2026 - 13 weeks Easter Saturday 2026 - 13 weeks Select a date Easter Day / Easter Sunday 2026 Easter Monday 2026 Anzac Day Labour Day / May Day Whit Sunday 2026 Whit Monday / Pentecost Monday 2026 Eid-al-Adha 2026 Assumption of Mary / St. Mary's Day First Day of Sukkot 2026 Last Day of Sukkot 2026 Halloween All Saint's Day / All Hallow's Day All Souls' Day Armistice Day Thanksgiving Day 2026 Feast of the Immaculate Conception December Solstice Christmas Eve Christmas Christmas Copy St. Stephen's Day / 2nd Day of Christmas Boxing Day New Year's Eve Eid -Ul-Fitr 2027 Maundy Thursday 2027 Good Friday 2027 Easter Saturday 2027 Easter Day / Easter Sunday 2027 Easter Monday 2027 Whit Sunday 2027 Eid-al-Adha 2027 Whit Monday / Pentecost Monday 2027 First Day of Sukkot 2027 Last Day of Sukkot 2027 Thanksgiving Day 2027 UK St. David's Day - UK - 52 weeks Second day of January - UK - 51 weeks Orthodox Christmas Day - UK - 51 weeks Battle of Boyne - UK - 50 weeks Orthodox New Year - UK - 50 weeks St Patricks Day - UK - 49 weeks March equinox - UK - 49 weeks St. George's Day - UK - 48 weeks Select a date Shakespeare Day - UK Burns' Night - UK Valentine's Day - UK Victory in Europe Day - UK Liberation Day - UK Assumption of Mary - UK Feast of St Francis of Assisi - UK Halloween - UK All Saints' Day - UK All Souls' Day - UK Guy Fawkes Day - UK St Andrews Day - UK Feast of the Immaculate Conception - UK December Solstice - UK Christmas Copy Boxing Day - UK US Epiphany - US - 51 weeks Orthodox Christmas Day - US - 51 weeks Lee Jackson Day 2026 - 1 week Stephen Foster Memorial Day - US - 50 weeks Orthodox New Year - US - 50 weeks Evacuation Day - US - 49 weeks St Patricks Day - US - 49 weeks Martin Luther King Day 2026 - 2 weeks Select a date Confederate Memorial Day - US Robert E Lee's Birthday - US March equinox - US Kansas Day - US National Freedom Day - US Groundhog Day - US Rosa Parks Day - US Lincoln's Birthday - US Valentine's Day - US Susan B Anthony's Birthday - US Presidents' Day (Washigton's Birthday) 2026 Linus Pauling Day - US St. David's Day - US Texas Independence Day - US Read Across America Day - US Maryland Day - US Ceasar Chavez Day - US Pascua Florida Day - US National Tartan Day - US Thomas Jefferson's Birthday - US Father Damien Day - US Tax Day - US Emancipation Day - US Patriot's Day 2026 San Jacinto Day - US Oklahoma Day - US Arbor Day 2026 Loyalty Day - US Law Day - US Kent State Shootings Remembrance - US Rhode Island Independence Day - US Cinco de Mayo - US National Nurses Day - US Truman Day - US Confederate Memorial Day - US National Maritime Day - US Memorial Day 2026 National Missing Children's Day - US Trinity Sunday 2026 Statehood Day - US Jefferson Davis Birthday - US Doughnut Day - US D-Day - US Kamehameha Day - US Bunker Hill Day - US Juneteenth - US Emancipation Day - US West Virginia Day - US American Eagle Day - US Armed Forces Day 2026 Independence Day - US Pioneer Day - US Colorado Day - US Assumption of Mary - US Bennington Battle Day - US Statehood Day in Hawaii 2026 Lyndon Baines Johnson Day - US Emancipation Day - US Feast of St Francis of Assisi - US Columbus Day 2026 Alaska Day - US Nevada Day 2026 Halloween - US All Saints' Day - US All Souls' Day - US Veterans Day - US Black Friday 2026 American Indian Heritage Day 2026 2027 Super Bowl 61 - US Feast of the Immaculate Conception - US December Solstice - US Day After Christmas Day - US Lee Jackson Day 2027 Martin Luther King Day 2027 Presidents' Day (Washigton's Birthday) 2027 Arbor Day 2027 Trinity Sunday 2027 Memorial Day 2027 Armed Forces Day 2027 Statehood Day in Hawaii 2027 Patriot's Day 2027 Columbus Day 2027 Nevada Day 2027 American Indian Heritage Day 2027 Black Friday 2027 Sports 2027 Super Bowl 61 - US - 47 weeks © www.weeksuntil.com 2025 All rights reserved. By using this site you agree to our privacy policy About us | Contact us | Hosting by Web Design Leicester